Window,ExpID,Case,Algo,timeslot sec,timeslot mil,IAT,IPG Avg,IPG Avg GT100,IAT GT100,Throughput,Total Packets,Total Packet GT100,10p Length,20p Length,30p Length,40p Length,50p Length,60p Length,70p Length,80p Length,90p Length,Single EMA,CUSUM,Double EMA,P1203,P1203C,P1203N
5,1,Driving-7,elastic,0,0,3.840703964,0.01167387223,0.01291023232,3.834339,1742345.6,330,298,114,2446,2948,2948,2948,2948,2948,2948,7292,3.121657374,686.9715929,1219.669032,2.238,Average,2
5,1,Driving-7,elastic,5,5000,4.563088894,0.01000677389,0.01032947955,4.544971,4033187.2,457,441,1500,2948,4396,5844,5844,6852,7292,7292,7292,5.222254524,1229.186781,2254.353226,3.056666667,Good,3
5,1,Driving-7,elastic,10,10000,3.679327965,0.006981646992,0.007115858252,3.664667,4411032,528,516,1603,2948,4396,4396,4396,5844,7292,7292,8740,4.419176559,1084.931931,2460.153475,3.484,Good,3
5,1,Driving-7,elastic,15,15000,4.445058107,0.006684297906,0.006979966825,4.418319,5277073.6,666,634,1500,1922,2948,4396,5844,5844,5844,5844,5844,6.66973656,1617.606961,3809.398937,3.72,Good,3
5,1,Driving-7,elastic,20,20000,4.391674995,0.007235049416,0.007127723368,4.148335,6055284.8,608,583,1500,2948,4396,4396,5844,5844,8740,8740,13084,3.540215256,1261.925454,3088.516983,3.870333333,Good,3
5,1,Driving-7,elastic,25,25000,4.699978113,0.005731680626,0.005831238213,4.699978,6695625.6,821,807,2948,4396,4396,4396,5844,5844,5844,7292,7292,5.224420646,2251.640231,5587.089905,3.969333333,Good,3
5,1,Driving-7,elastic,30,30000,4.405071974,0.00606759225,0.006345683526,4.391213,6130897.6,727,693,1500,4396,5844,5844,5844,5844,5844,5844,7292,4.776915841,1362.85958,3981.0546,4.046333333,Excellent,4
5,1,Driving-7,elastic,35,35000,4.965359926,0.009094065799,0.008112327586,4.234635,5791230.4,547,523,1500,4396,5844,5844,7292,8740,8740,8740,8740,3.74725905,1187.627786,2663.606051,4.099,Excellent,4
5,1,Driving-7,elastic,40,40000,4.837012768,0.00620129842,0.006382492715,4.818782,5077782.4,781,756,1500,2948,2948,2948,4396,4396,4396,5844,7292,5.646956806,1810.991091,4831.096939,4.135,Excellent,4
5,1,Driving-7,elastic,45,45000,4.989127159,0.009557714864,0.01024461396,4.989127,3516398.4,523,488,1500,2948,4396,4396,4396,4396,4396,5844,5844,4.394116164,1178.143925,2526.198059,4.189,Excellent,4
5,1,Driving-7,elastic,50,50000,4.971853018,0.01000372841,0.01069215699,4.971853,3608096,498,466,1500,2948,4396,4396,4396,5844,5844,5844,7292,4.43007762,1425.382651,2643.698302,4.231666667,Excellent,4
5,1,Driving-7,elastic,55,55000,4.864048958,0.0156400288,0.01182039502,3.321531,3238089.6,312,282,212,2948,2948,4396,5844,7292,8740,8740,16458,3.681726964,907.5106504,1380.485858,4.267666667,Excellent,4
5,1,Driving-7,elastic,60,60000,3.999746084,0.01999873042,0.01876065663,3.114269,942012.8,201,167,52,1500,1500,2948,2948,2948,2948,4396,4396,2.924463615,589.9315286,783.0324355,4.288,Excellent,4
5,1,Driving-7,elastic,65,65000,4.19255209,0.03710223088,0.03114080723,2.584687,435393.6,114,84,52,52,1500,1500,2948,2948,2948,2948,2948,1.986900991,301.1261158,361.3949258,4.128,Excellent,4
5,1,Driving-7,elastic,70,70000,4.644227982,0.04993793529,0.06903765079,4.349372,255089.6,94,64,52,52,60,1500,1524,2948,2948,2948,2948,17.66865971,240.0257568,280.6517651,3.7495,Good,3
5,1,Driving-7,elastic,75,75000,4.607556105,0.0648951564,0.09396962069,2.725119,125627.2,72,30,52,52,52,52,52,566,2948,2948,2948,1.443315596,162.0525043,185.2842073,3.255333333,Good,3
5,1,Driving-7,elastic,80,80000,4.57982707,0.05452175084,0.096902,4.457492,177579.2,85,47,52,52,52,52,1260,1500,1603,2948,2948,1.617007604,190.9543345,223.9062764,2.905,Average,2
5,1,Driving-7,elastic,85,85000,4.352184057,0.0669566778,0.07474854545,2.466702,112552,66,34,52,52,52,52,680.5,1500,1500,2446,2948,1.233683011,154.1049714,173.3639665,2.75,Average,2
5,1,Driving-7,elastic,90,90000,4.72814393,0.05984992317,0.1285745333,3.857236,120401.6,80,31,52,52,52,52,52,60,1500,2948,2948,4.225720393,175.1203568,204.2203928,2.66,Average,2
5,1,Driving-7,elastic,95,95000,4.808372974,0.06678295798,0.1685535385,4.382392,112747.2,73,27,52,52,52,52,52,60,1603,2948,2948,1.419212522,174.6766396,198.4899992,2.601,Average,2
5,1,Driving-7,elastic,100,100000,4.780519009,0.05032125272,0.07347503077,4.775877,267404.8,96,66,52,52,52,1500,1551.5,2948,2948,2948,2948,2.148598316,268.6036625,310.5697758,2.5475,Average,2
5,1,Driving-7,elastic,105,105000,4.776558876,0.04975582163,0.04777042,2.388521,215974.4,97,51,52,52,52,52,1500,2948,2948,2948,2948,1.93525207,270.83846,313.7301694,2.4895,Average,2
5,1,Driving-7,elastic,110,110000,4.740083933,0.02662968502,0.03260982031,4.174057,655971.2,179,129,52,52,1260,2948,2948,2948,2948,2948,4396,3.748948753,346.6355584,500.7316733,2.44675,Average,2
5,1,Driving-7,elastic,115,115000,4.915467024,0.02265192177,0.02666897619,4.480388,1084033.6,218,169,52,52,1603,2948,2948,2948,2948,4396,7292,2.836230906,558.4580324,787.233615,2.494333333,Average,2
5,1,Driving-7,elastic,120,120000,4.958642006,0.02015708132,0.02030588947,3.858119,1102369.6,247,191,52,52,2948,2948,2948,2948,2948,4396,5844,3.204079868,560.4422297,856.1967001,2.566333333,Average,2
5,1,Driving-7,elastic,125,125000,4.810019016,0.02268876894,0.03143190789,4.77765,940760,213,153,52,52,1260,2948,2948,2948,2948,4396,5844,5.649052672,480.4646883,699.3885771,2.617666667,Average,2
5,1,Driving-7,elastic,130,130000,4.943799973,0.01837843856,0.02248569585,4.879396,1312488,270,218,52,1260,2446,2948,2948,2948,2948,4396,5844,10.92419789,795.0233417,1147.747821,2.652,Average,2
5,1,Driving-7,elastic,135,135000,4.378539085,0.0259085153,0.03134682857,3.291417,645459.2,170,106,52,52,52,1340.5,2948,2948,2948,2948,5844,2.446629516,353.1459832,491.5808373,2.663,Average,2
5,1,Driving-7,elastic,140,140000,4.863407135,0.01200841268,0.01158086217,3.949074,1832905.6,406,342,52,1500,2948,2948,2948,2948,2948,4396,4396,4.311686175,1305.272379,2110.319992,2.644666667,Average,2
5,1,Driving-7,elastic,145,145000,4.88024807,0.02067901724,0.01319938462,2.402288,1372032,237,183,52,52,2446,2948,2948,2948,4396,5844,8740,3.210649284,591.1273379,862.5253323,2.688333333,Average,2
5,1,Driving-7,elastic,150,150000,4.611506939,0.01733649225,0.02001505181,3.862905,1655952,267,194,52,52,1500,2948,2948,4396,5844,7292,8740,2.926489128,572.4014544,919.1278198,2.699,Average,2
5,1,Driving-7,elastic,155,155000,4.76627183,0.01389583624,0.01402749818,3.857562,2116219.2,344,276,52,96,2948,2948,2948,4396,4396,5844,8740,3.583684443,887.9261837,1465.578777,2.725,Average,2
5,1,Driving-7,elastic,160,160000,4.955739975,0.01898750948,0.012046105,2.409221,1555555.2,262,201,52,52,2446,2948,2948,4396,5844,5844,7292,2.854885901,617.4073744,950.533468,2.765666667,Average,2
5,1,Driving-7,elastic,165,165000,4.747653961,0.01023201285,0.01151018414,4.500482,3686115.2,465,392,52,1500,2948,2948,4396,5844,5844,7292,10188,3.846804922,1086.878005,2150.169447,2.7925,Average,2
5,1,Driving-7,elastic,170,170000,4.356030941,0.009552699432,0.008951329897,3.473116,3217252.8,457,389,52,1500,2948,2948,4396,4396,7292,7292,8740,3.777056166,1162.503865,2188.279346,2.8195,Average,2
5,1,Driving-7,elastic,175,175000,4.356023073,0.01037148351,0.007622926966,2.713762,2749854.4,421,357,52,2948,2948,4396,4396,4396,4396,4396,7292,3.433070595,1134.781801,2003.334063,2.907333333,Average,2
5,1,Driving-7,elastic,180,180000,4.866009235,0.01359220457,0.01583266544,4.306485,2509755.2,359,273,52,52,1603,2948,4396,5844,5844,7292,8740,3.815763785,939.6352355,1569.269106,2.9405,Average,2
5,1,Driving-7,elastic,185,185000,4.356282949,0.01400734067,0.009962033473,2.380926,1749060.8,312,240,52,52,1922,2948,4396,4396,4396,4396,5844,3.047668017,784.539119,1258.743955,2.947,Average,2
5,1,Driving-7,elastic,190,190000,4.759498835,0.01586499612,0.02004097807,4.569343,2055184,301,229,52,52,2446,2948,4396,5844,7292,7292,7292,2.842810165,541.0035279,984.0935012,2.958,Average,2
5,1,Driving-7,elastic,195,195000,4.966892958,0.0181937471,0.02474637297,4.578079,958385.6,274,186,52,52,52,2948,2948,2948,2948,2948,2948,3.652462561,585.6040435,951.0438293,2.9385,Average,2
5,1,Driving-7,elastic,200,200000,4.352200985,0.02005622574,0.01593065248,2.246222,765000,218,142,52,52,52,1922,2948,2948,2948,2948,4396,2.573996161,508.482573,737.7580644,2.89,Average,2
5,1,Driving-7,elastic,205,205000,4.388212919,0.02022217935,0.03027252143,4.238153,994379.2,218,141,52,52,52,1500,2948,2948,2948,5844,8740,4.396413104,449.0832522,678.9955227,2.8595,Average,2
5,1,Driving-7,elastic,210,210000,4.607831955,0.02350934671,0.02162846226,2.292617,655067.2,197,107,52,52,52,52,2446,2948,2948,2948,5844,2.579809443,454.4459639,641.0019374,2.857333333,Average,2
5,1,Driving-7,elastic,215,215000,4.867618084,0.02986268763,0.05223081333,3.917311,365692.8,164,76,52,52,52,52,52,2446,2948,2948,2948,2.500531506,394.2089264,522.2968733,2.829,Average,2
5,1,Driving-7,elastic,220,220000,4.35094595,0.02807061903,0.02904074026,2.236137,368764.8,156,78,52,52,52,52,660,2948,2948,2948,2948,2.132453642,337.6406686,453.6146274,2.776,Average,2
5,1,Driving-7,elastic,225,225000,4.662400961,0.02168558586,0.03620338462,4.235796,1016313.6,216,118,52,52,52,52,1500,2948,2948,2948,8740,6.817096385,438.0339673,663.8063049,2.739,Average,2
5,2,Driving-6,elastic,0,0,3.973917007,0.009787972925,0.01072252162,3.967333,2703916.8,407,371,155,2948,2948,2948,4396,5844,5844,5844,7292,3.594352279,940.5926986,1753.347477,2.33525,Average,2
5,2,Driving-6,elastic,5,5000,4.465368986,0.007931383634,0.008134437729,4.441403,3595452.8,564,547,1500,2948,2948,2948,4396,4396,4396,4396,5844,5.830763036,1172.71105,2743.148435,3.314,Good,3
5,2,Driving-6,elastic,10,10000,4.597187042,0.00727403013,0.007414817742,4.597187,5440156.8,633,621,1500,2948,2948,4396,5844,5844,7292,7292,7292,4.972103086,1671.30395,3648.601186,3.748666667,Good,3
5,2,Driving-6,elastic,15,15000,4.569178104,0.008058515175,0.008559939962,4.562448,4757360,568,534,1500,2948,2948,4396,5844,5844,7292,7292,8740,4.093093655,1045.521914,2639.702415,3.95625,Good,3
5,2,Driving-6,elastic,20,20000,4.994723082,0.007217807921,0.007410568249,4.994723,5311507.2,693,675,2446,2948,4396,4396,4396,5844,5844,5844,5844,4.737660438,1739.013511,4112.513098,4.1015,Excellent,4
5,2,Driving-6,elastic,25,25000,4.998189926,0.00755013584,0.007737136223,4.99819,4625867.2,663,647,1500,2948,2948,2948,4396,4396,5844,5844,5844,4.789199644,1819.487457,3989.232399,4.1585,Excellent,4
5,2,Driving-6,elastic,30,30000,4.428749084,0.006409188255,0.00670007413,4.428749,5999560,692,662,1500,2948,2948,2948,4396,5844,7292,7292,8740,4.040176569,1541.813893,3910.35491,4.22,Excellent,4
5,2,Driving-6,elastic,35,35000,4.944247961,0.005144899023,0.005025056806,4.688378,6883643.2,962,934,1500,2948,2948,4396,4396,4396,4396,5844,7292,4.975330971,2697.644713,7283.500297,4.28,Excellent,4
5,2,Driving-6,elastic,40,40000,4.800215006,0.008587146701,0.007995617811,4.309638,4546820.8,560,540,1500,2948,2948,4396,4396,5844,5844,7292,7292,4.165728201,1487.871778,3032.612246,4.3185,Excellent,4
5,2,Driving-6,elastic,45,45000,4.467035055,0.01942189154,0.02235423711,4.336722,2057190.4,231,195,52,1500,1500,2948,2948,2948,4170,12381,16458,14.2379934,579.9461253,837.7962943,4.341,Excellent,4
5,2,Driving-6,elastic,50,50000,4.981956959,0.01779270342,0.01930991085,4.981957,1423572.8,281,259,1260,1500,2948,2948,2948,2948,3426,5844,5844,14.98752212,669.8643904,1054.136939,4.344,Excellent,4
5,2,Driving-6,elastic,55,55000,4.888076782,0.02685756474,0.03055048125,4.888077,855840,183,161,52,1500,2948,2948,2948,2948,2948,2948,2948,6.45974119,369.8745871,530.9776547,3.9705,Good,3
5,2,Driving-6,elastic,60,60000,4.612449884,0.04659040287,0.07223331746,4.550699,270438.4,100,64,52,52,52,1260,2697,2948,2948,2948,2948,4.307349425,293.6478193,339.2564493,3.3685,Good,3
5,2,Driving-6,elastic,65,65000,4.055443048,0.0563255979,0.08959465,3.583786,177046.4,73,41,52,52,52,60,1603,2899,2948,2948,2948,1.226942512,152.7259643,176.758729,2.894,Average,2
5,2,Driving-6,elastic,70,70000,4.263064146,0.05760897495,0.08527865909,3.752261,187628.8,75,45,52,52,52,141,1603,2948,2948,2948,2948,1.319063317,164.1524386,189.5209824,2.656,Average,2
5,2,Driving-6,elastic,75,75000,4.868030071,0.0512424218,0.08211373333,3.695118,193806.4,96,46,52,52,52,52,60,1603,2948,2948,2948,1.939458967,233.0369771,275.3598555,2.52575,Average,2
5,2,Driving-6,elastic,80,80000,3.932566881,0.04418614473,0.07025690196,3.583102,192676.8,90,52,52,52,52,60,1500,1500,2446,2948,2948,6.928253862,153.0145843,190.7314064,2.445,Average,2
5,2,Driving-6,elastic,85,85000,4.351168156,0.05725221257,0.08608871795,3.35746,158835.2,77,40,52,52,52,52,122,1603,2948,2948,2948,1.283559933,160.5924864,187.4866248,2.402666667,Average,2
5,2,Driving-6,elastic,90,90000,4.865015984,0.05288060852,0.09475997297,3.506119,161294.4,93,38,52,52,52,52,52,1214,2446,2948,2948,7.691316687,188.939209,229.0059817,2.370333333,Average,2
5,2,Driving-6,elastic,95,95000,4.847812891,0.03878250313,0.0605794625,4.846357,336750.4,126,81,52,52,52,1500,1603,2948,2948,2948,2948,2.243118872,324.6231327,398.8773013,2.331,Average,2
5,2,Driving-6,elastic,100,100000,4.648892879,0.05053144434,0.06931672222,3.743103,247067.2,93,55,52,52,52,60,2948,2948,2948,2948,2948,1.590667843,212.4006164,252.13675,2.3125,Average,2
5,2,Driving-6,elastic,105,105000,4.948576927,0.02877079609,0.04158468067,4.948577,502521.6,173,120,52,52,60,1500,2948,2948,2948,2948,2948,2.308992616,343.0759723,486.7052881,2.291,Average,2
5,2,Driving-6,elastic,110,110000,4.874624968,0.05539346554,0.101803675,4.072147,179651.2,89,41,52,52,52,52,52,1682,2948,2948,2948,3.029763781,220.1995592,256.2983174,2.2595,Average,2
5,2,Driving-6,elastic,115,115000,4.351998091,0.04308909001,0.06138907018,3.499177,324537.6,102,58,52,52,52,52,1551.5,2948,2948,2948,4396,1.554745587,206.3573694,254.7942393,2.2435,Average,2
5,2,Driving-6,elastic,120,120000,4.88034296,0.03412827245,0.05463509333,4.097632,537816,144,76,52,52,52,52,766.5,2446,2948,4396,7292,2.411937155,367.0799549,464.939291,2.233333333,Average,2
5,2,Driving-6,elastic,125,125000,4.739225149,0.0165707173,0.01454956957,3.346401,1573849.6,287,231,52,612,2758,2948,2948,4396,4396,4396,5844,3.907133185,834.8646326,1234.076408,2.292,Average,2
5,2,Driving-6,elastic,130,130000,4.864410877,0.01253714144,0.01124958929,3.779862,2524040,389,337,52,1500,2948,4396,4396,4396,5844,5844,7292,3.58900777,933.6079679,1675.052233,2.376333333,Average,2
5,2,Driving-6,elastic,135,135000,4.608194828,0.01904212739,0.01853120468,3.168836,1086187.2,243,172,52,52,612,2948,2948,4396,4396,4396,5438,2.757510609,519.4745982,805.8900068,2.469,Average,2
5,2,Driving-6,elastic,140,140000,4.868398905,0.01312236902,0.01337790554,4.107017,2237329.6,372,308,52,1500,2948,2948,4396,4396,4396,5844,5844,3.820923595,956.6551342,1633.439503,2.5185,Average,2
5,2,Driving-6,elastic,145,145000,4.607627869,0.01404764594,0.0109885942,3.032852,1755497.6,329,277,52,1500,2948,2948,2948,4396,4396,4396,5844,3.586448664,832.4597356,1360.425979,2.550333333,Average,2
5,2,Driving-6,elastic,150,150000,4.864300966,0.01683149123,0.01809175355,3.81736,1686753.6,290,212,52,52,1500,2948,4396,4396,5844,5844,7292,3.252640154,682.1015935,1091.44104,2.572,Average,2
5,2,Driving-6,elastic,155,155000,4.864799976,0.02221369852,0.01738284314,2.659575,1023416,220,154,52,52,336,2948,2948,2948,4396,5844,5844,2.966600077,486.5230865,720.3771654,2.5875,Average,2
5,2,Driving-6,elastic,160,160000,4.648464918,0.017947741,0.02187258586,4.330772,1337729.6,260,199,52,52,2446,2948,2948,2948,2948,4396,7292,4.953311066,585.7661061,914.0739284,2.58,Average,2
5,2,Driving-6,elastic,165,165000,4.865690947,0.01795457914,0.01180661257,2.255063,1305611.2,272,192,52,52,612,2948,2948,2948,4396,4396,5844,2.940673378,667.2107923,1026.389131,2.584666667,Average,2
5,2,Driving-6,elastic,170,170000,4.993482828,0.01158580703,0.01377175623,4.971604,2674385.6,432,362,52,1500,2948,2948,2948,4396,5844,5844,7292,6.165264212,1013.316,1929.926926,2.6295,Average,2
5,2,Driving-6,elastic,175,175000,4.964562893,0.0221632272,0.02575057595,4.068591,1327131.2,225,159,52,52,1260,2948,2948,4396,4396,5844,8740,2.726265593,464.7336092,709.8493979,2.6375,Average,2
5,2,Driving-6,elastic,180,180000,4.773754835,0.01487151039,0.01805135593,4.26012,1729404.8,322,237,52,52,1500,2948,2948,4396,4396,4396,5844,3.447650492,791.2490816,1296.945886,2.682666667,Average,2
5,2,Driving-6,elastic,185,185000,4.927850962,0.0147540448,0.01614634615,4.19805,2066800,335,261,52,52,1922,2948,4396,5844,5844,5844,5844,3.97325075,946.8434148,1493.496901,2.711,Average,2
5,2,Driving-6,elastic,190,190000,4.704059839,0.02208478798,0.01697614685,2.427589,1266939.2,214,144,52,52,52,1603,2948,4396,5844,5844,7292,2.393948903,428.9690425,650.4595182,2.734666667,Average,2
5,2,Driving-6,elastic,195,195000,4.901937962,0.01499063597,0.01807555274,4.283906,1339564.8,328,238,52,52,1500,2948,2948,2948,2948,4396,4396,4.780551313,724.9343214,1250.74635,2.7465,Average,2
5,2,Driving-6,elastic,200,200000,4.643460035,0.01910888903,0.01547158182,2.552811,1177611.2,244,166,52,52,52,2446,2948,2948,4396,5844,5844,2.991202926,537.2525258,825.9179244,2.730666667,Average,2
5,2,Driving-6,elastic,205,205000,4.868181944,0.02446322585,0.03519064407,4.152496,1056345.6,200,119,52,52,52,60,2948,2948,4396,6770.5,8740,2.88003291,489.2443042,681.3621358,2.7055,Average,2
5,2,Driving-6,elastic,210,210000,4.608302116,0.02633315495,0.02890716667,2.428202,426051.2,176,85,52,52,52,52,52,2948,2948,2948,2948,2.351945816,397.4169834,545.6930167,2.680666667,Average,2
5,2,Driving-6,elastic,215,215000,4.864435911,0.03474597079,0.07294573077,3.793178,326064,141,53,52,52,52,52,52,52,1603,2948,4953,2.590928918,356.5445416,450.2835088,2.639,Average,2
5,2,Driving-6,elastic,220,220000,4.611503124,0.02794850378,0.02601525,2.289342,457518.4,166,89,52,52,52,52,1500,2948,2948,2948,4396,2.404206786,403.0634201,534.3331195,2.6175,Average,2
5,3,Driving-6,elastic,0,0,3.887820005,0.02046221055,0.02502651613,3.87911,844048,191,156,52,155,1500,2948,2948,2948,2948,4396,5844,3.109654526,479.3619134,654.1280758,2.08725,Average,2
5,3,Driving-6,elastic,5,5000,3.908184052,0.009372144008,0.0097123075,3.884923,3243456,418,401,1500,2948,2948,4396,5844,5844,5844,7292,7292,5.489822934,883.4465172,1742.068763,2.817,Average,2
5,3,Driving-6,elastic,10,10000,3.550928116,0.008577121053,0.008797233831,3.536488,4182140.8,415,403,1603,2948,4396,5844,5844,7292,7292,8740,8740,4.320204451,729.3705871,1577.04646,3.381333333,Good,3
5,3,Driving-6,elastic,15,15000,4.581495047,0.009584717671,0.009981533333,4.49169,4506435.2,479,451,1500,3614,5844,5844,5844,7292,7292,8740,8740,4.12669644,1059.143291,2188.595601,3.5935,Good,3
5,3,Driving-6,elastic,20,20000,3.954868078,0.01032602631,0.009721701657,3.519256,2930011.2,384,363,1500,2948,2948,4396,4396,4396,5844,7292,8740,3.289225631,712.9770544,1437.390291,3.724,Good,3
5,3,Driving-6,elastic,25,25000,4.684030056,0.006710644779,0.006847997076,4.68403,5115732.8,699,685,2446,2948,4396,4396,4396,4396,5844,5844,7292,5.022593433,2100.30819,4511.879257,3.831,Good,3
5,3,Driving-6,elastic,30,30000,4.338937998,0.005403409711,0.005608932555,4.324487,5059364.8,804,772,1500,2948,2948,4396,4396,4396,4396,4396,5844,4.345200774,1282.673279,4489.96522,3.914666667,Good,3
5,3,Driving-6,elastic,35,35000,4.961652994,0.006580441637,0.006778214481,4.961653,6249326.4,755,733,1500,2948,4396,4396,4396,5844,5844,7292,8740,5.452004581,1835.572591,4656.118679,3.9845,Good,3
5,3,Driving-6,elastic,40,40000,4.687332153,0.008266899741,0.008423711152,4.60777,5410348.8,568,548,1500,2948,2948,5844,5844,5844,7292,8740,10188,4.674525258,1543.555282,3132.758182,4.028,Excellent,4
5,3,Driving-6,elastic,45,45000,4.063694,0.01881339815,0.01415255556,2.674833,2211921.6,217,190,52,1500,2948,2948,2948,4170,8958,15980,16458,10.5412364,531.2565699,758.3438499,4.063,Excellent,4
5,3,Driving-6,elastic,50,50000,4.984970093,0.02225433077,0.0250498794,4.984926,1565060.8,225,200,52,1500,2948,2948,2948,2948,5844,10188,10188,2.652156399,571.7345624,815.7773156,4.073,Excellent,4
5,3,Driving-6,elastic,55,55000,4.944348097,0.02874620987,0.03296232,4.944348,928908.8,173,151,52,1500,2948,2948,2948,2948,2948,2948,4396,12.60853284,348.8115187,492.6058821,3.713,Good,3
5,3,Driving-6,elastic,60,60000,4.363888025,0.02613106602,0.03185278102,4.363831,592395.2,168,138,52,1274,1500,2948,2948,2948,2948,2948,2948,1.965544175,299.4798834,435.0951662,3.072,Good,3
5,3,Driving-6,elastic,65,65000,4.856264114,0.05336553972,0.07422227119,4.379114,266443.2,92,60,52,52,52,1603,2948,2948,2948,2948,2948,1.788736328,235.7802405,274.3725609,2.660333333,Average,2
5,3,Driving-6,elastic,70,70000,4.723942995,0.05904928744,0.09316466667,4.471904,188494.4,81,49,52,52,52,999,1500,1603,2948,2948,2948,2.849614869,209.5426309,239.0654045,2.35825,Average,2
5,3,Driving-6,elastic,75,75000,4.583721161,0.05589903855,0.079991825,3.199673,188294.4,83,41,52,52,52,52,60,1287,2948,2948,2948,1.426899782,184.1362677,215.504992,2.258,Average,2
5,3,Driving-6,elastic,80,80000,4.218346834,0.05207835598,0.09132308889,4.109539,192641.6,82,46,52,52,52,52,1404,2948,2948,2948,2948,7.384897836,175.7072465,206.4382696,2.193,Average,2
5,3,Driving-6,elastic,85,85000,4.805500031,0.06964492798,0.06671909091,2.20173,144446.4,70,34,52,52,52,52,60,2024.5,2948,2948,2948,1.152615176,142.9151316,164.9459934,2.163,Average,2
5,3,Driving-6,elastic,90,90000,4.590058088,0.05100064543,0.09019607143,3.788235,154190.4,91,43,52,52,52,52,60,1260,1500,2948,2948,1.384683658,175.9014087,214.1925109,2.140333333,Average,2
5,3,Driving-6,elastic,95,95000,4.204964161,0.05128005074,0.1028022,4.112088,173027.2,83,41,52,52,52,52,60,1603,2948,2948,2948,6.586098341,181.3779764,212.8503213,2.112,Average,2
5,3,Driving-6,elastic,100,100000,4.863934994,0.0534498351,0.08506980851,3.998281,209248,92,48,52,52,52,52,1260,2559,2948,2948,2948,2.128283815,258.2437642,296.6143651,2.093,Average,2
5,3,Driving-6,elastic,105,105000,4.61116004,0.03341420319,0.03447792222,3.103013,383966.4,139,91,52,52,52,1500,2446,2948,2948,2948,2948,2.46967365,389.4776289,480.1129481,2.063,Average,2
5,3,Driving-6,elastic,110,110000,4.308290005,0.03419277782,0.04966165882,4.221241,381224,127,86,52,52,60,1603,2948,2948,2948,2948,2948,1.841698087,256.7956574,332.977711,2.05,Average,2
5,3,Driving-6,elastic,115,115000,4.855366945,0.0441396995,0.06024804545,3.976371,279668.8,111,67,52,52,52,176,1500,2948,2948,2948,2948,3.55539625,279.2945335,336.478018,2.04,Average,2
5,3,Driving-6,elastic,120,120000,4.864379883,0.04053649902,0.07521085714,4.211808,418702.4,121,57,52,52,52,52,60,1260,2446,4396,6786,2.058244321,294.5642989,363.0187351,2.031666667,Average,2
5,3,Driving-6,elastic,125,125000,3.880012989,0.02179782578,0.01688855303,2.229289,1093016,179,133,52,52,1500,2948,2948,4396,4396,7292,8740,2.100282777,362.0805023,515.9898254,2.062666667,Average,2
5,3,Driving-6,elastic,130,130000,4.659471989,0.01792104611,0.02216532039,4.566056,1274737.6,261,207,52,60,1603,2948,2948,2948,4396,4396,5844,3.023675852,490.182564,821.9893647,2.1165,Average,2
5,3,Driving-6,elastic,135,135000,4.607857943,0.03339027495,0.02622263158,1.99292,711052.8,139,77,52,52,52,52,1500,2948,4396,7292,8740,2.535159278,364.3146904,455.2064067,2.164666667,Average,2
5,3,Driving-6,elastic,140,140000,4.609110832,0.01995286075,0.0213798,3.741465,1170985.6,232,176,52,52,1500,2948,2948,4396,4396,5844,5844,2.704715421,477.5486689,738.4233601,2.218333333,Average,2
5,3,Driving-6,elastic,145,145000,4.544288874,0.02379208834,0.02988097761,4.004051,883116.8,192,135,52,52,612,2446,2948,2948,4396,4396,5844,2.786702584,465.7026587,642.4960064,2.253,Average,2
5,3,Driving-6,elastic,150,150000,4.867624998,0.02080181623,0.01334070122,2.187875,1584580.8,235,165,52,52,96,2948,4396,4396,4396,5844,12381,2.923341874,588.5113964,855.2375857,2.282666667,Average,2
5,3,Driving-6,elastic,155,155000,4.87684989,0.01664453887,0.0188947013,4.364676,1945697.6,294,232,52,52,2948,2948,2948,4396,5844,5844,7292,3.780227531,857.3175721,1276.524885,2.313,Average,2
5,3,Driving-6,elastic,160,160000,4.998074055,0.01428021158,0.01688538514,4.998074,2433603.2,351,297,52,1500,2948,4396,4396,4396,5844,5844,8740,4.002207411,792.4606023,1395.301098,2.353,Average,2
5,3,Driving-6,elastic,165,165000,4.968322039,0.01144774663,0.01290260674,4.593328,2487264,435,357,52,1500,2948,2948,4396,4396,4396,4396,5844,3.797073767,948.9353924,1879.062349,2.376,Average,2
5,3,Driving-6,elastic,170,170000,4.608516932,0.01752287807,0.01186950249,2.38577,1163771.2,264,202,52,52,2446,2948,2948,2948,2948,4396,5844,2.489113027,510.4264989,849.8524628,2.398666667,Average,2
5,3,Driving-6,elastic,175,175000,4.816423893,0.0175142687,0.01887614554,4.020619,2092939.2,276,214,52,52,1603,2948,5844,5844,7292,7292,8740,4.083823316,606.2521884,976.9729828,2.407,Average,2
5,3,Driving-6,elastic,180,180000,4.608110905,0.01417880278,0.01265242798,3.07454,2762728,326,244,52,52,1500,2948,5844,7292,8740,8740,10188,3.047945496,716.6827574,1236.016739,2.4605,Average,2
5,3,Driving-6,elastic,185,185000,4.86364007,0.01247087197,0.009800245342,3.155679,1897545.6,391,323,52,1500,2948,2948,2948,2948,4396,4396,5844,3.089444887,779.6699233,1530.423407,2.478333333,Average,2
5,3,Driving-6,elastic,190,190000,4.314477921,0.01498082611,0.01761098198,3.909638,1550049.6,289,223,52,52,1500,2948,2948,2948,4396,5844,7292,4.219917159,499.2836657,907.6175889,2.4705,Average,2
5,3,Driving-6,elastic,195,195000,4.916246891,0.01565683723,0.0184612027,4.098387,1510779.2,315,223,52,52,612,2446,2948,2948,4396,4396,5844,3.917507534,922.18823,1404.376643,2.469333333,Average,2
5,3,Driving-6,elastic,200,200000,4.327347994,0.01225877619,0.0150778676,4.327348,1753088,354,288,52,1260,2948,2948,2948,2948,4396,4396,5844,3.25086199,676.3770509,1290.901611,2.4755,Average,2
5,3,Driving-6,elastic,205,205000,4.860515118,0.02842406502,0.04143302151,3.853271,889905.6,172,94,52,52,52,52,1500,2948,4396,7292,10188,2.676193719,434.6858053,575.6892294,2.474,Average,2
5,3,Driving-6,elastic,210,210000,4.611939907,0.01423438243,0.01237170763,2.919723,1252201.6,325,237,52,52,1500,2948,2948,2948,2948,2948,4170,3.709361049,925.4405828,1439.446433,2.4895,Average,2
5,3,Driving-6,elastic,215,215000,4.351938009,0.02062529862,0.01635114074,2.207404,941550.4,212,136,52,52,52,1500,2948,4396,4396,4396,5844,2.547337167,479.9382033,696.6888444,2.488666667,Average,2
5,3,Driving-6,elastic,220,220000,4.611965895,0.02115580686,0.03052635294,4.151584,935355.2,219,137,52,52,52,1260,2948,2948,2948,5844,7292,2.875340324,513.591773,744.9858636,2.486,Average,2
5,3,Driving-6,elastic,225,225000,4.864272118,0.03309028651,0.042827,2.227004,257907.2,148,53,52,52,52,52,52,52,2948,2948,2948,2.336219748,366.6159496,470.2598283,2.462666667,Average,2
5,3,Driving-6,elastic,230,230000,4.527780056,0.02647824594,0.04822968966,4.195983,417827.2,172,88,52,52,52,52,1260,2948,2948,2948,2948,2.732819477,451.503072,592.3380633,2.4125,Average,2
5,4,Driving-6,elastic,0,0,3.793616056,0.009677591981,0.01063735112,3.786897,2702752,393,357,155,1500,2948,2948,2948,4396,4396,5844,8740,3.482817486,898.7958446,1656.179144,2.4536,Average,2
5,4,Driving-6,elastic,5,5000,3.972337008,0.009324734759,0.009536198068,3.947986,3347179.2,427,415,1500,2948,2948,4396,4396,5844,5844,7292,8740,5.165250407,853.9416547,1750.738324,3.443,Good,3
5,4,Driving-6,elastic,10,10000,4.416993141,0.006805844593,0.00694307425,4.394966,5678446.4,650,634,1500,2948,2948,4396,4396,5844,7292,7292,10188,6.16599005,1563.838807,3651.103051,3.778,Good,3
5,4,Driving-6,elastic,15,15000,4.727177143,0.008136277355,0.008625548446,4.718175,4373936,582,548,1500,2948,2948,2948,4396,4396,4396,5844,8740,4.469793201,1303.116835,2975.025158,3.986333333,Good,3
5,4,Driving-6,elastic,20,20000,4.996370077,0.009952928441,0.01032307851,4.99637,4642361.6,503,485,1500,2948,2948,4396,5844,5844,7292,8740,8740,4.070323846,1191.402244,2437.010124,4.1015,Excellent,4
5,4,Driving-6,elastic,25,25000,4.995374918,0.006091920632,0.006213152985,4.995375,6573540.8,821,805,2948,2948,2948,2948,2948,4396,5844,7292,8740,4.747687223,2007.44806,5345.297163,4.171,Excellent,4
5,4,Driving-6,elastic,30,30000,4.816046953,0.00690967999,0.006961300752,4.629265,5126625.6,698,666,1500,2948,4396,4396,4396,4396,5844,5844,7292,4.47523282,1688.335943,4097.041466,4.232,Excellent,4
5,4,Driving-6,elastic,35,35000,4.697695971,0.005625983198,0.005294546239,4.293877,7080452.8,836,812,1500,2948,4396,4396,5844,5844,5844,7292,8740,4.364246085,2264.731218,5724.035176,4.28,Excellent,4
5,4,Driving-6,elastic,40,40000,3.798385143,0.006770740006,0.006823016636,3.691252,4339694.4,562,542,2948,2948,2948,2948,4170,5844,5844,5844,7292,4.823389262,1081.409911,2641.477746,4.3185,Excellent,4
5,4,Driving-6,elastic,45,45000,4.907487869,0.01669213561,0.01550475385,4.031236,2057881.6,295,261,52,1500,2948,2948,2948,4170,7770,8740,8740,3.342563443,930.0697112,1351.479258,4.341,Excellent,4
5,4,Driving-6,elastic,50,50000,4.798892975,0.02201327053,0.02447290816,4.79669,1395246.4,219,197,60,2948,2948,2948,2948,2948,2948,4170,12381,2.644189473,537.2985954,768.4583844,4.344,Excellent,4
5,4,Driving-6,elastic,55,55000,4.916509151,0.02534283068,0.02858432558,4.916504,847571.2,195,173,52,1500,2446,2948,2948,2948,2948,2948,5844,2.344320724,412.5635169,595.6478858,3.9705,Good,3
5,4,Driving-6,elastic,60,60000,4.792213202,0.04356557456,0.06475963514,4.792213,308422.4,111,75,52,52,52,1500,2446,2948,2948,2948,2948,3.31357624,312.6968596,369.5380806,3.3685,Good,3
5,4,Driving-6,elastic,65,65000,4.65805316,0.06469518277,0.09021155,3.608462,177046.4,73,41,52,52,52,60,1603,2899,2948,2948,2948,1.538112298,194.8636844,218.4751197,2.894,Average,2
5,4,Driving-6,elastic,70,70000,4.699759007,0.0618389343,0.07761284091,3.414965,187795.2,77,45,52,52,52,60,1603,2948,2948,2948,2948,1.806837653,210.634356,237.0306163,2.656,Average,2
5,4,Driving-6,elastic,75,75000,4.607903957,0.04750416451,0.08391165217,3.859936,193992,98,47,52,52,52,52,62,1548,2948,2948,2948,1.713955975,229.9659512,274.2263576,2.541,Average,2
5,4,Driving-6,elastic,80,80000,4.651473999,0.0522637528,0.06645641509,3.52219,192676.8,90,54,52,52,52,309.5,1500,1500,2446,2948,2948,1.593643869,208.5120146,245.5870324,2.462,Average,2
5,4,Driving-6,elastic,85,85000,4.607794046,0.05759742558,0.08142465854,3.338411,159168,81,42,52,52,52,52,122,1500,2446,2948,2948,1.496762281,192.9095774,222.5805144,2.40925,Average,2
5,4,Driving-6,elastic,90,90000,4.634539127,0.0509290014,0.09452989189,3.497606,161198.4,92,38,52,52,52,52,52,1260,2446,2948,2948,8.238843518,185.450336,224.6502407,2.370333333,Average,2
5,4,Driving-6,elastic,95,95000,4.610441923,0.03748326767,0.05714382278,4.514362,336596.8,124,80,52,52,52,1500,2290,2948,2948,2948,2948,5.20351808,313.5162671,385.4645835,2.331,Average,2
5,4,Driving-6,elastic,100,100000,4.639583111,0.04105825762,0.04777455263,3.630866,336852.8,114,77,52,52,52,1500,2948,2948,2948,2948,2948,2.040673982,293.4514484,353.7971996,2.3125,Average,2
5,4,Driving-6,elastic,105,105000,4.966071129,0.03678571207,0.06056110976,4.966011,346534.4,136,83,52,52,52,998,1500,2948,2948,2948,2948,2.057069738,297.2671623,384.7445557,2.291,Average,2
5,4,Driving-6,elastic,110,110000,4.936433077,0.04746570266,0.07985359259,4.312094,245852.8,105,55,52,52,52,52,1260,2948,2948,2948,2948,3.304121287,245.381783,296.5119705,2.2595,Average,2
5,4,Driving-6,elastic,115,115000,4.369498014,0.03972270922,0.05159675758,3.405386,325286.4,111,67,52,52,52,612,1922,2948,2948,2948,4396,1.699137864,236.5419886,294.1267591,2.2435,Average,2
5,4,Driving-6,elastic,120,120000,4.865314007,0.0335538897,0.05297534177,4.185052,537982.4,146,80,52,52,52,52,1090.5,2446,2948,5844,7292,2.49369533,385.059067,485.6086067,2.233333333,Average,2
5,4,Driving-6,elastic,125,125000,4.60696888,0.01525486384,0.01346983468,3.340519,1575180.8,303,249,52,1500,2948,2948,3443,4396,4396,4396,4396,3.498062818,842.430691,1288.51665,2.292,Average,2
5,4,Driving-6,elastic,130,130000,4.868948936,0.0120518538,0.01071776437,3.729782,2177347.2,405,349,52,1500,2948,2948,2948,4396,4396,4396,5844,3.747838662,1030.073824,1833.833126,2.376,Average,2
5,4,Driving-6,elastic,135,135000,4.60816288,0.01944372523,0.01969297041,3.328112,1085771.2,238,170,52,52,1260,2948,2948,3108,4396,4396,5844,2.955387057,566.603673,840.597821,2.46425,Average,2
5,4,Driving-6,elastic,140,140000,4.867383003,0.01879298457,0.02031516751,4.002088,2228011.2,260,198,52,52,1500,2948,4396,5844,8740,10188,11636,3.585221383,659.0463147,986.5745281,2.5165,Average,2
5,4,Driving-6,elastic,145,145000,4.355683088,0.01749270317,0.01442500513,2.812876,1286080,250,196,52,52,2697,2948,2948,2948,4396,5844,5844,2.824100737,590.8949049,893.7459706,2.541,Average,2
5,4,Driving-6,elastic,150,150000,4.874624968,0.01380913589,0.01459971168,4.000321,1692078.4,354,275,52,52,2446,2948,2948,2948,4396,4396,5844,4.055854065,936.0439899,1547.976989,2.56,Average,2
5,4,Driving-6,elastic,155,155000,4.861996889,0.01899217535,0.02125977368,4.039357,1108889.6,257,191,52,52,1500,2948,2948,2948,2948,4396,5844,2.920083821,572.9797761,893.6502036,2.577333333,Average,2
5,4,Driving-6,elastic,160,160000,4.610603809,0.01780155911,0.01826822613,3.635377,1590849.6,260,200,52,52,2446,2948,2948,4396,5844,5844,8740,3.171194208,601.5332859,929.6356452,2.602666667,Average,2
5,4,Driving-6,elastic,165,165000,4.866886139,0.01053438558,0.01215936074,4.584079,3640459.2,463,378,52,1500,2948,2948,4396,4396,5844,5844,10188,4.239074442,1055.81405,2110.17801,2.6385,Average,2
5,4,Driving-6,elastic,170,170000,4.608678818,0.009482878226,0.007061702381,2.965915,2239316.8,487,421,52,2446,2948,2948,2948,2948,2948,4082,4396,3.688402918,1212.85758,2379.279961,2.683,Average,2
5,4,Driving-6,elastic,175,175000,4.612025023,0.01478213148,0.01167831707,2.872866,1727225.6,313,247,52,52,1922,2948,2948,4396,4396,5844,5844,2.922255166,665.445627,1143.951548,2.7355,Average,2
5,4,Driving-6,elastic,180,180000,4.767215014,0.01503853317,0.0192011087,4.416255,1856630.4,318,231,52,52,1500,2948,2948,2948,4396,7292,8740,3.59696117,782.8684957,1275.899817,2.751333333,Average,2
5,4,Driving-6,elastic,185,185000,4.955358028,0.01304041586,0.01535883987,4.699805,1630360,381,307,52,664,2948,2948,2948,2948,2948,4396,4396,4.046524798,1052.900475,1762.474286,2.758,Average,2
5,4,Driving-6,elastic,190,190000,4.612323999,0.03034423684,0.0258362561,2.118573,784732.8,153,83,52,52,52,52,1500,2948,5844,7292,8740,2.494434543,358.0984097,469.2830253,2.754333333,Average,2
5,4,Driving-6,elastic,195,195000,4.688285112,0.02150589501,0.03203708661,4.06871,894289.6,219,128,52,52,52,52,1922,2948,2948,4396,5844,4.295831251,550.2455695,781.306734,2.749,Average,2
5,4,Driving-6,elastic,200,200000,4.60816288,0.01896363325,0.01521303614,2.525364,1177611.2,244,167,52,52,52,2948,2948,2948,4396,4396,7292,2.523039536,486.8516698,776.0134126,2.754666667,Average,2
5,4,Driving-6,elastic,205,205000,4.864578962,0.02078879898,0.02699039474,4.10254,1059257.6,235,153,52,52,52,1500,2948,2948,4396,5844,7292,3.06936,560.1245363,827.1338315,2.7245,Average,2
5,4,Driving-6,elastic,210,210000,4.355310917,0.02406249125,0.02865579121,2.607677,426550.4,182,92,52,52,52,52,1260,2948,2948,2948,2948,2.234890061,373.3174522,532.4842867,2.695666667,Average,2
5,4,Driving-6,elastic,215,215000,4.867424965,0.03380156226,0.0670075,3.886435,289560,145,59,52,52,52,52,52,612,2446,2948,4396,2.46234272,377.8203626,477.0022036,2.643,Average,2
5,4,Driving-6,elastic,220,220000,4.612640142,0.02729372865,0.02547010112,2.266839,457851.2,170,90,52,52,52,52,1500,2948,2948,2948,2948,2.878345756,435.0590813,572.6758794,2.6215,Average,2
5,4,Driving-6,elastic,225,225000,4.863846064,0.02152144276,0.02223039063,2.84549,743129.6,227,129,52,52,52,52,2948,2948,2948,2948,4396,2.798181324,533.1658862,782.0842591,2.613,Average,2
5,5,Driving-6,elastic,0,0,4.015089035,0.009865083624,0.01072067914,4.009534,2699153.6,408,375,612,2948,2948,4396,4396,4396,4396,5844,7292,3.635698582,1041.598135,1857.398242,2.33525,Average,2
5,5,Driving-6,elastic,5,5000,4.24702096,0.01056472876,0.01087138046,4.228967,3669307.2,403,390,1500,2948,2948,4396,5844,7292,7292,8740,8740,5.198802449,878.8792405,1676.172788,3.348666667,Good,3
5,5,Driving-6,elastic,10,10000,4.170323133,0.008563291855,0.008812123142,4.15051,4540254.4,488,472,1603,2948,4396,5844,7094.5,7292,7292,7292,8740,5.027605213,888.3612661,2062.983992,3.73975,Good,3
5,5,Driving-6,elastic,15,15000,4.994789839,0.009871126164,0.01042753653,4.99479,4416768,507,480,1500,2948,4396,4396,4396,4396,7292,8740,10188,4.040202192,1317.226617,2581.706355,3.95,Good,3
5,5,Driving-6,elastic,20,20000,4.994799852,0.010493277,0.01095350877,4.9948,4335523.2,477,457,1500,2948,3131,5844,5844,5844,7292,8740,8740,4.36938157,1094.705124,2214.278178,4.110333333,Excellent,4
5,5,Driving-6,elastic,25,25000,4.994455099,0.006250882477,0.006362363057,4.994455,5840944,800,786,2697,2948,4396,4396,4396,5844,5844,5844,5844,5.006513955,2386.30868,5550.478835,4.182,Excellent,4
5,5,Driving-6,elastic,30,30000,4.203505039,0.009575182322,0.008204384428,3.372002,4570195.2,440,412,1500,2948,5844,7292,7292,8740,8740,8740,8740,3.590197451,1078.747605,2029.371099,4.2305,Excellent,4
5,5,Driving-6,elastic,35,35000,4.892022848,0.00649671029,0.005906242798,4.305651,6141665.6,754,730,1500,2948,4396,4396,4396,5844,5844,5844,8740,4.728840359,2043.033943,4853.914913,4.283333333,Excellent,4
5,5,Driving-6,elastic,40,40000,4.60492897,0.006862785351,0.007084506154,4.604929,5793108.8,672,651,1500,2948,2948,4396,5844,5844,5844,7292,8740,4.143234802,1549.793668,3782.149905,4.326,Excellent,4
5,5,Driving-6,elastic,45,45000,4.483218908,0.01793287563,0.01245418468,2.764829,2131548.8,251,223,52,530,1500,2948,2948,2948,4396,12381,15980,3.268622758,807.8766012,1111.04811,4.347,Excellent,4
5,5,Driving-6,elastic,50,50000,4.834100962,0.02301952839,0.02521343011,4.689698,1513027.2,211,187,52,1500,2948,2948,2948,2948,4874,7599,11636,15.07655477,525.0333486,739.5362443,4.351,Excellent,4
5,5,Driving-6,elastic,55,55000,4.987262011,0.0295104261,0.03347155705,4.987262,879161.6,170,150,52,1500,2948,2948,2948,2948,2948,2948,6322,6.279333814,371.9663846,510.2912646,3.931,Good,3
5,5,Driving-6,elastic,60,60000,4.840361834,0.03612210324,0.03687307921,3.724181,454251.2,135,102,52,52,1500,2948,2948,2948,2948,2948,2948,4.100972854,232.0746837,318.9091296,3.254,Good,3
5,5,Driving-6,elastic,65,65000,4.673365116,0.05371684042,0.07920957627,4.673365,248961.6,88,60,52,52,60,1500,2697,2948,2948,2948,2948,7.38735638,201.9062581,237.3850969,2.564666667,Average,2
5,5,Driving-6,elastic,70,70000,4.371975899,0.05605097306,0.07059591837,3.4592,189864,79,50,52,52,52,1260,1500,1603,2948,2948,2948,1.371713454,174.0322607,202.3220044,2.228666667,Average,2
5,5,Driving-6,elastic,75,75000,4.354212999,0.04892374157,0.08173275556,3.677974,192284.8,90,46,52,52,52,52,371.5,2446,2948,2948,2948,1.542922107,200.8933918,238.0445931,2.15,Average,2
5,5,Driving-6,elastic,80,80000,4.536281109,0.05532050133,0.09173495652,4.219808,192796.8,83,47,52,52,52,60,1260,2948,2948,2948,2948,1.56935656,195.6324072,226.8866507,2.064333333,Average,2
5,5,Driving-6,elastic,85,85000,4.489766836,0.05756111328,0.09170531707,3.759918,177038.4,79,42,52,52,52,52,1260,2446,2948,2948,2948,1.427720345,180.3889294,208.6151617,2.033666667,Average,2
5,5,Driving-6,elastic,90,90000,4.895210028,0.05207670242,0.08794812195,3.605873,176920,95,42,52,52,52,52,52,1415,2948,2948,2948,7.801540723,263.4284363,304.5951326,2.010333333,Average,2
5,5,Driving-6,elastic,95,95000,4.452455044,0.06183965339,0.1049172581,3.252435,133140.8,73,32,52,52,52,52,52,1260,2446,2948,2948,1.280963034,159.6383059,183.6020676,1.992333333,Poor,1
5,5,Driving-6,elastic,100,100000,4.607784986,0.04306341109,0.04191661429,2.934163,299828.8,108,71,52,52,52,1500,2446,2948,2948,2948,2948,1.983253874,241.7721994,296.0689252,1.964666667,Poor,1
5,5,Driving-6,elastic,105,105000,4.829971075,0.02808122718,0.04148797368,4.729629,477102.4,173,115,52,52,52,1500,2446,2948,2948,2948,2948,5.280786137,306.8155513,450.8755441,1.941,Poor,1
5,5,Driving-6,elastic,110,110000,4.963088989,0.04726751418,0.07407595522,4.963089,298334.4,106,68,52,52,52,1500,2948,2948,2948,2948,2948,3.117855279,232.283124,284.5829717,1.926,Poor,1
5,5,Driving-6,elastic,115,115000,4.913366079,0.03808810914,0.06065883951,4.913366,397112,130,82,52,52,52,936,2446,2948,2948,2948,4396,3.813596862,362.4385097,441.398516,1.915,Poor,1
5,5,Driving-6,elastic,120,120000,4.780048132,0.04345498302,0.05625195833,2.700094,327408,111,49,52,52,52,52,52,781,2446,4396,5844,1.948450801,275.8965554,333.0876935,1.91275,Poor,1
5,5,Driving-6,elastic,125,125000,4.957049847,0.01936347596,0.02332781188,4.712218,1572308.8,257,203,52,60,1603,2948,2948,4396,4396,5844,7292,2.97331776,557.9939039,878.814162,1.951666667,Poor,1
5,5,Driving-6,elastic,130,130000,4.949648857,0.01581357462,0.01431060311,3.677825,2692971.2,314,258,52,1500,2948,4396,5844,5844,5844,8740,11636,3.573588878,830.4043159,1310.380667,2.014333333,Average,2
5,5,Driving-6,elastic,135,135000,4.769545078,0.01454129597,0.0142519283,3.776761,1858417.6,329,266,52,1260,2948,2948,4396,4396,4396,5844,5844,3.462125285,764.1354976,1292.785688,2.093,Average,2
5,5,Driving-6,elastic,140,140000,4.964701176,0.0175431137,0.02200527854,4.819156,1413584,284,220,52,52,1500,2948,2948,4396,4396,4396,5844,3.279007757,751.5017021,1143.016708,2.124,Average,2
5,5,Driving-6,elastic,145,145000,4.900882006,0.0117245981,0.01339038798,4.900882,2065048,419,367,52,2948,2948,2948,2948,2948,2948,4396,5844,6.989923809,1059.758865,1920.820335,2.146,Average,2
5,5,Driving-6,elastic,150,150000,4.983510017,0.01496549555,0.01413739453,3.619173,1513532.8,334,257,52,52,1922,2948,2948,2948,4396,4396,4396,3.826782988,945.4299059,1488.756396,2.163666667,Average,2
5,5,Driving-6,elastic,155,155000,4.743955135,0.01867698872,0.02100797938,4.075548,1303116.8,255,195,52,52,1603,2948,2948,2948,4396,4396,5844,3.39854408,674.5206897,989.0920564,2.1745,Average,2
5,5,Driving-6,elastic,160,160000,4.868496895,0.01617440829,0.01772076667,4.252984,1340457.6,302,241,52,60,2948,2948,2948,2948,2948,4396,4396,4.00742892,838.0615766,1281.190701,2.188333333,Average,2
5,5,Driving-6,elastic,165,165000,4.961100101,0.02033237747,0.02275224242,3.75412,1677408,245,166,52,52,52,2184,2948,5844,7292,8740,8740,2.936440395,590.5821545,881.1363452,2.204,Average,2
5,5,Driving-6,elastic,170,170000,4.827794075,0.01522963431,0.01823335628,4.503639,2392851.2,318,248,52,52,1603,4396,4396,5844,7292,7292,8740,2.986113605,708.8593142,1202.631143,2.255,Average,2
5,5,Driving-6,elastic,175,175000,4.907153845,0.01588075678,0.01978691129,4.907154,1999654.4,310,249,52,612,2948,2948,2948,4396,5844,7292,8740,3.284156321,639.2230539,1108.691929,2.259,Average,2
5,5,Driving-6,elastic,180,180000,4.831519127,0.02334067211,0.03097815873,3.903248,1088656,208,127,52,52,52,1260,2948,4396,5844,5844,7292,2.991019705,464.7541957,673.3247416,2.260666667,Average,2
5,5,Driving-6,elastic,185,185000,4.868863106,0.01540779464,0.01731678151,4.121394,1665214.4,317,239,52,52,1922,2948,4396,4396,4396,5844,5844,3.68203723,830.5045323,1319.899563,2.2645,Average,2
5,5,Driving-6,elastic,190,190000,4.16614604,0.01633782761,0.01556758639,2.973409,1936609.6,256,192,52,52,2446,2948,2948,4396,7292,8740,10188,3.041137909,638.0193486,955.4893564,2.279,Average,2
5,5,Driving-6,elastic,195,195000,4.86580205,0.02703223361,0.02410405495,2.193469,625180.8,181,92,52,52,52,52,732,2948,2948,4396,5844,2.217754568,368.0664549,525.4858281,2.279666667,Average,2
5,5,Driving-6,elastic,200,200000,4.702152014,0.02035563642,0.02860044295,4.261466,1268572.8,232,150,52,52,52,1500,2948,4396,5844,5844,7292,4.308211874,597.8402505,857.5422938,2.271,Average,2
5,5,Driving-6,elastic,205,205000,4.356044054,0.02054737761,0.01671510638,2.35683,941633.6,213,142,52,52,52,1922,2948,2948,4396,4396,5844,2.565322606,481.3795886,700.2262825,2.249666667,Average,2
5,5,Driving-6,elastic,210,210000,4.625478029,0.01675897837,0.02466008197,4.512795,940180.8,277,184,52,52,52,1603,2948,2948,2948,2948,4396,4.402769315,643.5286491,1016.627796,2.2295,Average,2
5,5,Driving-6,elastic,215,215000,4.865263939,0.03771522433,0.04667712195,1.913762,256409.6,130,42,52,52,52,52,52,52,1431.5,2948,4396,2.067415927,304.7572153,384.2696766,2.213666667,Average,2
5,5,Driving-6,elastic,220,220000,4.487052917,0.02686858034,0.04967261364,4.37119,507352,168,89,52,52,52,52,1380,2948,2948,2948,4396,2.50850162,393.4501724,528.1258762,2.194,Average,2
5,5,Driving-6,elastic,225,225000,4.608294964,0.02387717598,0.0237960202,2.355806,680832,194,100,52,52,52,52,1380,2948,2948,4396,5844,2.546045549,455.1575768,635.8860052,2.183,Average,2
5,6,Driving-7,elastic,0,0,4.030583143,0.009287057934,0.009961042079,4.024261,2542272,435,405,1260,2948,2948,2948,2948,2948,2948,4396,8740,3.58425209,997.9129617,1927.554413,2.33525,Average,2
5,6,Driving-7,elastic,5,5000,4.332304001,0.008528157482,0.008805495935,4.332304,4765867.2,509,493,1500,2948,4396,4396,4396,5844,7292,8740,10188,4.452291136,1437.107114,2710.543155,3.3882,Good,3
5,6,Driving-7,elastic,10,10000,4.874568939,0.006723543364,0.006864261299,4.859897,5976358.4,726,709,2446,2948,4396,4396,4396,5844,5844,7292,8740,5.412234466,1715.524534,4322.954678,3.809,Good,3
5,6,Driving-7,elastic,15,15000,4.337311029,0.007192887279,0.007518695652,4.32325,5143822.4,604,576,1500,2948,4396,5844,5844,5844,5844,5844,8740,5.221654955,1315.880661,3117.836376,4.0115,Excellent,4
5,6,Driving-7,elastic,20,20000,4.361433983,0.007342481453,0.007487645105,4.282933,6727174.4,595,573,1500,4396,5844,5844,5844,5844,8740,10188,10188,4.435396452,1458.049572,3204.710719,4.144333333,Excellent,4
5,6,Driving-7,elastic,25,25000,4.834084988,0.005975383174,0.006091711027,4.80636,6860420.8,810,790,2948,4396,4396,4396,5844,5844,7292,7292,7292,6.868570255,2253.798666,5499.809411,4.22,Excellent,4
5,6,Driving-7,elastic,30,30000,4.997588158,0.007242881388,0.00757210303,4.997588,5478496,691,661,1500,2948,4396,4396,4396,5844,5844,7292,7292,4.317349464,1504.552955,3866.585226,4.28,Excellent,4
5,6,Driving-7,elastic,35,35000,4.480937004,0.006346936266,0.006589613235,4.480937,6305172.8,707,681,1500,4396,5844,5844,5844,5844,5844,7292,7292,4.304547989,1580.02531,4052.898856,4.326,Excellent,4
5,6,Driving-7,elastic,40,40000,4.632899046,0.008563584188,0.008966042718,4.617512,5716555.2,542,516,1500,2948,4396,5844,5844,7292,7292,7292,10188,4.823037456,1004.715667,2455.45151,4.363,Excellent,4
5,6,Driving-7,elastic,45,45000,4.993909121,0.007706649877,0.00813340228,4.993909,4365556.8,649,615,1500,2948,4374,4396,4396,4396,4396,5844,5844,5.421393754,1624.038263,3704.144573,4.389333333,Excellent,4
5,6,Driving-7,elastic,50,50000,4.573036909,0.009771446387,0.0105857338,4.573037,3469008,469,433,1500,2948,2948,4396,4396,5844,5844,5844,7292,4.392731023,1242.799315,2323.170285,4.416,Excellent,4
5,6,Driving-7,elastic,55,55000,3.491765022,0.01051736452,0.01125316172,3.409708,2922324.8,333,304,1260,2948,2948,5844,5844,5844,7292,8740,8740,2.682411358,599.0293515,1142.499294,4.445666667,Excellent,4
5,6,Driving-7,elastic,60,60000,4.732995987,0.01314721107,0.0146117764,4.704992,2072273.6,361,323,60,1500,2948,2948,2948,4396,4396,5844,7292,6.296284719,935.701726,1572.62923,4.466,Excellent,4
5,6,Driving-7,elastic,65,65000,4.416151047,0.03024760991,0.02304822727,2.535305,529500.8,147,111,52,52,1500,1500,2948,2948,2948,2948,2948,2.628359173,453.8097525,555.1217573,4.335,Excellent,4
5,6,Driving-7,elastic,70,70000,4.5842309,0.0482550621,0.0618054058,4.264573,270328,96,70,52,52,1260,1500,1500,2948,2948,2948,2948,20.95233011,239.6917567,282.2450496,4.064,Excellent,4
5,6,Driving-7,elastic,75,75000,4.957256079,0.05972597685,0.1209086829,4.957256,183633.6,84,42,52,52,52,52,443.5,2948,2948,2948,2948,3.834358358,203.9826591,236.0059155,3.611333333,Good,3
5,6,Driving-7,elastic,80,80000,3.89152813,0.08844382113,0.1241277692,1.613661,58457.6,45,14,52,52,52,52,52,52,101,2948,2948,11.65957593,106.8598776,115.3849332,3.281,Good,3
5,6,Driving-7,elastic,85,85000,3.679553986,0.05840561882,0.1031964667,3.095894,119640,64,31,52,52,52,52,60,1500,2446,2948,2948,0.8860132058,104.0553541,122.544914,2.97,Average,2
5,6,Driving-7,elastic,90,90000,4.758826017,0.05875093849,0.1419767097,4.401278,133889.6,82,32,52,52,52,52,52,60,2397,2948,2948,5.804482275,183.4367776,214.0663075,2.77,Average,2
5,6,Driving-7,elastic,95,95000,4.862915039,0.05858933782,0.07733587234,3.634786,192561.6,84,48,52,52,52,52,1500,1603,2948,2948,2948,1.813273398,211.6865561,243.602833,2.693,Average,2
5,6,Driving-7,elastic,100,100000,4.831397057,0.0619409879,0.11932995,4.773198,171070.4,79,41,52,52,52,52,1260,1603,2948,2948,2948,1.454207963,172.0962307,200.4062124,2.646,Average,2
5,6,Driving-7,elastic,105,105000,4.646893978,0.03367314477,0.0451081413,4.149949,392888,139,93,52,52,52,1500,2948,2948,2948,2948,2948,8.255236453,322.2865939,413.7059621,2.5905,Average,2
5,6,Driving-7,elastic,110,110000,4.537058115,0.0285349567,0.03721950459,4.056926,472465.6,160,110,52,52,60,1603,2948,2948,2948,2948,2948,2.57468358,348.3678598,470.5009324,2.51725,Average,2
5,6,Driving-7,elastic,115,115000,4.776392937,0.02474814993,0.02136529371,3.055237,879654.4,194,144,52,52,1500,2948,2948,2948,2948,2948,7292,2.603331956,466.0121601,646.63205,2.527,Average,2
5,6,Driving-7,elastic,120,120000,4.731868029,0.01947270794,0.0190801027,3.529819,1087723.2,244,186,52,52,2948,2948,2948,2948,2948,3910,5844,5.559376498,460.5360825,750.0431764,2.599666667,Average,2
5,6,Driving-7,elastic,125,125000,4.982333183,0.02041939829,0.02657717742,4.943355,1159990.4,245,187,52,52,2446,2948,2948,2948,2948,2948,5844,6.869851106,625.070267,915.3745243,2.653666667,Average,2
5,6,Driving-7,elastic,130,130000,4.993044853,0.02071802844,0.02713611413,4.993045,1163872,242,185,52,52,2948,2948,2948,2948,2948,4396,5844,26.18350533,735.052429,1017.505173,2.715333333,Average,2
5,6,Driving-7,elastic,135,135000,4.977504015,0.04366231592,0.067025,3.61935,275838.4,115,55,52,52,52,52,52,2697,2948,2948,2948,2.305462524,262.5686288,324.3613432,2.709666667,Average,2
5,6,Driving-7,elastic,140,140000,4.971193075,0.0218034784,0.03035159509,4.94731,1515436.8,229,164,52,52,612,2948,2948,2948,5844,7292,10188,5.037913044,529.8950152,783.4303745,2.692666667,Average,2
5,6,Driving-7,elastic,145,145000,4.969334126,0.01423877973,0.01521133677,4.426499,2320833.6,350,292,52,1500,2948,2948,4396,5844,5844,5844,7292,3.891759754,919.5159349,1517.58874,2.727,Average,2
5,6,Driving-7,elastic,150,150000,4.969169855,0.01882261309,0.02035593878,3.989764,1491139.2,265,197,52,52,1500,2948,2948,4396,5844,5844,5844,3.312681547,616.1702628,957.1768736,2.751,Average,2
5,6,Driving-7,elastic,155,155000,4.944270134,0.01610511444,0.01705747934,4.12791,2016928,308,243,52,52,2948,2948,4396,5844,5844,7292,7292,3.94073823,740.7669635,1203.091159,2.7815,Average,2
5,6,Driving-7,elastic,160,160000,4.788903952,0.01662813872,0.01911331696,4.281383,1687947.2,289,225,52,52,2948,2948,2948,2948,5844,5844,7292,3.376741145,693.0132573,1099.363548,2.802333333,Average,2
5,6,Driving-7,elastic,165,165000,4.931919098,0.01606488306,0.01766142553,4.150435,1791872,308,236,52,52,2891,2948,2948,4396,5844,5844,5844,3.950375504,787.5808399,1249.434618,2.818,Average,2
5,6,Driving-7,elastic,170,170000,4.611533165,0.01714324597,0.01387278,2.774556,1649832,270,201,52,52,1603,2948,2948,5844,5844,7292,7292,2.55381419,510.5045886,865.8600109,2.828666667,Average,2
5,6,Driving-7,elastic,175,175000,4.611999035,0.0169558788,0.01934094059,3.90687,1778684.8,273,203,52,52,1500,2948,4396,5844,5844,7292,7292,2.869502984,568.5917931,931.4661417,2.843,Average,2
5,6,Driving-7,elastic,180,180000,4.863933086,0.01563965623,0.01851044206,4.312933,2482248,312,234,52,52,1603,2948,5844,7292,7292,8740,8740,3.906656688,793.0808077,1267.211289,2.8645,Average,2
5,6,Driving-7,elastic,185,185000,4.904031992,0.0147711807,0.01673052734,4.283015,2351769.6,333,257,52,52,2948,5844,5844,5844,5844,7292,7292,3.960704759,925.757381,1465.973223,2.881,Average,2
5,6,Driving-7,elastic,190,190000,4.608057022,0.01611208749,0.01109583178,2.374508,1544982.4,287,215,52,52,1922,2948,4396,4396,4396,4396,4396,2.439891177,498.21562,900.783727,2.924,Average,2
5,6,Driving-7,elastic,195,195000,4.816438198,0.01666587612,0.02294678744,4.749985,1115454.4,290,208,52,52,1516,2948,2948,2948,2948,2948,2948,6.915859752,616.6064219,1026.715088,2.8975,Average,2
5,6,Driving-7,elastic,200,200000,4.471759081,0.02181345893,0.018768424,2.346053,898614.4,206,126,52,52,52,1260,2948,2948,4396,5844,5844,2.801843173,527.4714208,731.296797,2.832666667,Average,2
5,6,Driving-7,elastic,205,205000,4.90401721,0.02169919119,0.02944579861,4.240195,959241.6,227,145,52,52,52,1500,2948,2948,2948,4396,7292,3.350338311,624.4090834,872.4151757,2.82,Average,2
5,6,Driving-7,elastic,210,210000,4.607777834,0.02792592627,0.02649269136,2.145908,425219.2,166,82,52,52,52,52,60,2948,2948,2948,2948,2.258839877,371.6406755,503.2242999,2.806,Average,2
5,6,Driving-7,elastic,215,215000,4.353463173,0.02720914483,0.05502453521,3.906742,352902.4,161,72,52,52,52,52,52,2057,2948,2948,2948,2.444755802,385.2098765,508.5578083,2.7595,Average,2
5,6,Driving-7,elastic,220,220000,4.866433144,0.02644800622,0.02344619,2.344619,517822.4,185,101,52,52,52,52,2948,2948,2948,2948,2948,2.699758628,477.5223229,641.1072194,2.726,Average,2
5,7,Driving-7,bba,0,0,4.083016872,0.006470708197,0.007355861011,4.075147,1005624,632,555,52,255,256,256,256,257,257,2948,2948,4.079267092,1301.478576,3276.160491,1.9168,Poor,1
5,7,Driving-7,bba,5,5000,4.978869915,0.005186322828,0.005920178359,4.97887,2645808,961,842,52,256,257,257,257,257,257,2948,5844,4.630912687,2410.635645,6989.733617,2.39525,Average,2
5,7,Driving-7,bba,10,10000,4.281917095,0.004555230952,0.005280180247,4.276946,2936816,941,811,52,257,257,257,257,257,2948,5844,5844,4.067314047,1948.261256,6342.091794,3.052,Good,3
5,7,Driving-7,bba,15,15000,4.459982872,0.005674278463,0.006220338912,4.459983,3316798.4,787,718,257,257,257,257,257,2948,4396,5844,7292,4.47955557,2037.436345,5102.142981,3.3505,Good,3
5,7,Driving-7,bba,20,20000,4.828325987,0.004624833321,0.004143552017,3.903226,4613016,1045,943,152,257,257,258,2446,4396,4396,4396,5844,4.160147492,2214.684287,7637.034046,3.507,Good,3
5,7,Driving-7,bba,25,25000,4.777486086,0.0045543242,0.004646896663,4.316967,5125664,1050,930,52,257,257,258,2948,4396,4396,5844,7292,4.286019055,2477.351561,7949.356163,3.593333333,Good,3
5,7,Driving-7,bba,30,30000,4.339116096,0.003955438557,0.004436611691,4.250274,5540689.6,1098,959,52,257,257,258,1500,4170,5844,5844,7292,3.952746132,2293.08002,8281.710219,3.692333333,Good,3
5,7,Driving-7,bba,35,35000,4.738672018,0.004972373576,0.005316940051,4.168481,4725739.2,954,785,52,257,257,257,258,2948,5844,7292,8740,4.358900595,2257.088446,6770.798418,3.766666667,Good,3
5,7,Driving-7,bba,40,40000,4.987762928,0.006985662364,0.006612822086,4.31156,4522561.6,715,653,257,257,257,259,2948,7292,7292,8740,8740,4.116220408,1677.107034,4205.762799,3.812,Good,3
5,7,Driving-7,bba,45,45000,4.757246017,0.005204864352,0.005661512071,4.45561,3366688,915,788,52,257,257,258,259,2948,2948,4396,5844,4.36127121,2158.587496,6309.411767,3.853,Good,3
5,7,Driving-7,bba,50,50000,4.996301889,0.006497141599,0.00726206686,4.996302,3512051.2,770,689,60,257,257,258,259,2948,5844,5844,7292,4.938524847,1929.699853,4863.402989,3.903,Good,3
5,7,Driving-7,bba,55,55000,4.576231003,0.006481913602,0.007044467014,4.057613,2660038.4,707,577,52,255,257,258,258,1500,4396,5844,5844,3.822130905,1693.785904,4165.503298,3.951666667,Good,3
5,7,Driving-7,bba,60,60000,4.673070192,0.008112969084,0.009379491935,4.652228,1812145.6,577,497,52,257,257,258,258,1500,2948,2948,5844,3.960390343,1044.363655,2689.920595,3.982,Good,3
5,7,Driving-7,bba,65,65000,4.527351141,0.01658370381,0.0199558,4.090939,154670.4,274,206,52,52,255,255,257,257,257,258,259,2.921192285,545.2405214,911.0685341,3.68,Good,3
5,7,Driving-7,bba,70,70000,4.909979105,0.01940703204,0.02570669634,4.909979,142473.6,254,192,52,52,255,255,256,256,256,256,257,4.367213453,745.6048453,1056.950411,3.3915,Good,3
5,7,Driving-7,bba,75,75000,4.980794907,0.01901066758,0.02844087429,4.977153,208636.8,263,176,52,52,52,255,255,256,256,257,2446,3.472681928,654.0267644,989.4060071,3.213,Good,3
5,7,Driving-7,bba,80,80000,4.914943933,0.01585465785,0.02006099592,4.914944,178134.4,311,246,52,60,255,256,256,256,256,257,257,3.120189427,561.813236,1035.157807,2.999,Average,2
5,7,Driving-7,bba,85,85000,4.774309874,0.0144238969,0.01829237548,4.77431,179500.8,332,262,52,60,255,255,256,256,256,256,257,12.53356312,943.3374755,1480.355085,2.7925,Average,2
5,7,Driving-7,bba,90,90000,4.878173828,0.01304324553,0.01691254317,4.701687,228779.2,375,279,52,52,255,255,256,256,256,257,283,4.489903297,1158.689097,1844.626826,2.682,Average,2
5,7,Driving-7,bba,95,95000,4.829984188,0.01815783529,0.0258521768,4.679244,169742.4,267,182,52,52,60,255,256,256,256,256,257,12.61994034,719.0179453,1064.547214,2.6195,Average,2
5,7,Driving-7,bba,100,100000,4.99616003,0.01670956532,0.02139947748,4.750684,160876.8,300,223,52,52,255,255,256,256,256,256,257,3.334640071,585.0461144,1024.721399,2.559,Average,2
5,7,Driving-7,bba,105,105000,4.945056915,0.01838311121,0.02343691398,4.359266,323528,270,187,52,52,56,255,256,256,257,1500,2948,10.60806484,584.592526,939.432636,2.3785,Average,2
5,7,Driving-7,bba,110,110000,4.866212845,0.007474981328,0.006971942387,3.388364,805684.8,652,487,52,52,255,255,256,256,256,257,2948,3.624422867,1360.11868,3462.267518,2.342333333,Average,2
5,7,Driving-7,bba,115,115000,4.919656038,0.005913048123,0.007618786047,4.914117,1088545.6,833,646,52,52,255,256,256,257,257,257,2948,4.702367691,1929.868809,5367.549723,2.326666667,Average,2
5,7,Driving-7,bba,120,120000,4.856849909,0.00689893453,0.008940038674,4.854441,1259142.4,705,544,52,52,257,257,257,257,257,2948,2948,4.657532325,1952.919411,4407.969415,2.365666667,Average,2
5,7,Driving-7,bba,125,125000,4.864391088,0.007403943818,0.007621828685,3.826158,1116272,658,503,52,52,257,257,257,257,257,2948,2948,4.3249226,1767.385105,3904.671314,2.423666667,Average,2
5,7,Driving-7,bba,130,130000,4.76769805,0.007652805858,0.008038770042,3.810377,1124475.2,624,475,52,52,257,257,257,257,257,2948,2948,4.248693251,1686.87649,3607.538392,2.498666667,Average,2
5,7,Driving-7,bba,135,135000,4.954221964,0.007977813146,0.009445778281,4.175034,1901251.2,622,443,52,52,257,257,257,257,2948,4396,5844,4.638832425,1523.249555,3433.165248,2.564,Average,2
5,7,Driving-7,bba,140,140000,4.733966112,0.007722620085,0.008460778824,3.595831,1163182.4,614,426,52,52,60,257,257,257,257,1500,5844,3.625144697,1235.19963,3098.627689,2.584,Average,2
5,7,Driving-7,bba,145,145000,4.919721842,0.006823469961,0.007875049123,4.488778,2930492.8,722,571,52,52,257,257,1500,2948,4396,5844,5844,3.839522667,1513.237685,4093.705453,2.592,Average,2
5,7,Driving-7,bba,150,150000,4.808248997,0.005899692021,0.005500667634,3.78996,4631300.8,816,690,52,257,258,2319,4396,4396,5844,5844,7292,3.841469696,1738.34849,5038.019154,2.628,Average,2
5,7,Driving-7,bba,155,155000,4.86755991,0.006430065931,0.006724721417,4.176052,4331555.2,758,622,52,257,257,1500,2948,4396,5844,7292,8740,3.919343009,1623.473883,4468.699334,2.661,Average,2
5,7,Driving-7,bba,160,160000,4.607790947,0.006929008943,0.006379154135,3.39371,2903465.6,666,533,52,152,257,258,2948,2948,4396,5844,5844,3.658761321,1474.728246,3667.780989,2.738333333,Average,2
5,7,Driving-7,bba,165,165000,4.949360132,0.005857230926,0.007027348609,4.29371,4338729.6,846,612,52,52,257,257,258,2948,4396,5844,8740,4.669242682,2234.517295,5778.072249,2.823,Average,2
5,7,Driving-7,bba,170,170000,4.995925188,0.006547739434,0.008467669492,4.995925,3435470.4,764,591,52,52,257,259,2948,4396,4396,4396,5844,4.727825769,2357.777038,5241.230512,2.8505,Average,2
5,7,Driving-7,bba,175,175000,4.997923136,0.006432333508,0.008193316393,4.997923,4526468.8,778,611,52,52,258,1500,2948,4396,7292,7292,7292,4.749919999,1975.963652,4970.98484,2.9495,Average,2
5,7,Driving-7,bba,180,180000,4.757368088,0.007539410599,0.007344956612,3.554959,4904108.8,632,485,52,52,258,2948,7292,7292,8740,8740,8740,3.92346399,1235.527071,3210.851318,2.854,Average,2
5,7,Driving-7,bba,185,185000,4.867968798,0.005349416261,0.00514484893,3.848347,6677368,911,749,52,257,259,4170,5844,5844,5844,7292,7292,3.751226319,1821.30531,5939.042338,2.7115,Average,2
5,7,Driving-7,bba,190,190000,4.863806009,0.004579854999,0.004177033557,3.734268,4979926.4,1063,895,52,257,1500,2948,4396,4396,4396,4396,4396,3.972535422,2485.735424,8094.788133,2.539,Average,2
5,7,Driving-7,bba,195,195000,4.995320082,0.007239594321,0.008218528487,4.183231,2705640,691,510,52,52,257,258,2948,2948,2948,2948,7292,4.506285905,1870.525685,4228.871,2.3875,Average,2
5,7,Driving-7,bba,200,200000,4.992115021,0.006838513727,0.009193581952,4.992115,5007686.4,731,544,52,52,257,1500,2948,4396,5844,7292,10188,5.006074778,2009.47015,4650.262848,2.326,Average,2
5,7,Driving-7,bba,205,205000,4.992515087,0.008211373499,0.01137247153,4.992515,2906507.2,609,440,52,52,257,258,2948,4396,5844,5844,5844,4.85401932,1692.413489,3520.800417,2.2095,Average,2
5,7,Driving-7,bba,210,210000,4.970762014,0.008511578792,0.007878874126,3.380037,4000096,585,430,52,52,257,2948,4396,5844,5844,5844,7292,3.516628792,1118.259267,2809.444173,2.103,Average,2
5,7,Driving-7,bba,215,215000,4.953600883,0.007900479878,0.01185860192,4.945037,2638547.2,628,418,52,52,52,257,632.5,2948,5844,5844,5844,4.270871546,1281.410526,3231.128252,2.0185,Average,2
5,7,Driving-7,bba,220,220000,4.941599131,0.006921007186,0.007477767025,4.172594,2943296,715,559,52,52,1500,2948,2948,2948,2948,4396,4396,4.873152142,1729.805192,4257.98332,1.97,Poor,1
5,7,Driving-7,bba,225,225000,4.607864141,0.005869890626,0.005067187602,3.106186,4469752,786,614,52,52,1500,2948,2948,4396,5844,5844,7292,3.667767022,1781.518601,4840.90457,1.9245,Poor,1
5,7,Driving-7,bba,230,230000,4.864169121,0.007184887918,0.006246465021,3.035782,3555254.4,678,487,52,52,257,1500,4396,5844,5844,5844,5844,3.624694593,1381.998033,3656.438114,1.871,Poor,1
5,8,Driving-7,elastic,0,0,4.078366995,0.01196002051,0.01301069329,4.072347,1561355.2,342,314,754,2948,2948,2948,2948,2948,2948,2948,4396,3.570358949,844.0058913,1415.274876,2.166,Average,2
5,8,Driving-7,elastic,5,5000,4.281336069,0.01403716744,0.01471249485,4.281336,2940822.4,306,292,1500,2948,4396,4396,5844,7292,8740,8740,10188,3.700831811,788.8667099,1244.587514,2.924,Average,2
5,8,Driving-7,elastic,10,10000,4.666586161,0.007027991206,0.007185064815,4.655922,5028283.2,665,649,1500,2948,4396,4396,4396,4396,5844,7292,7292,4.907050679,1293.996955,3482.287536,3.484,Good,3
5,8,Driving-7,elastic,15,15000,4.992070913,0.009750138503,0.01031419628,4.992071,5176403.2,513,485,1500,2948,4396,5844,5844,7292,7292,7292,10188,4.204687805,1203.602309,2499.747156,3.72,Good,3
5,8,Driving-7,elastic,20,20000,4.291157961,0.005736842194,0.005900020633,4.289315,6541691.2,749,728,1500,2948,4396,4396,4396,4396,5844,5844,10188,4.360713813,1866.136425,4641.282266,3.870333333,Good,3
5,8,Driving-7,elastic,25,25000,4.879304886,0.006488437348,0.006618237057,4.857786,5676024,753,735,1500,2948,4396,4396,4396,4396,5844,5844,5844,6.431940832,1608.619072,4416.454313,3.969333333,Good,3
5,8,Driving-7,elastic,30,30000,4.172322035,0.006064421562,0.0063217,4.172322,6242016,689,661,1500,4396,4396,5844,5844,7292,7292,7292,7292,3.808771858,1345.555658,3695.392713,4.035,Excellent,4
5,8,Driving-7,elastic,35,35000,4.758068085,0.008189445929,0.008096585895,4.477412,5201494.4,582,554,1500,2948,4396,5844,5844,7292,7292,7292,7292,4.220592968,1247.79577,2920.241401,4.089,Excellent,4
5,8,Driving-7,elastic,40,40000,4.626823902,0.007309358455,0.007523291057,4.626824,5957067.2,634,616,1500,4396,4396,5844,5844,7292,7292,7292,7292,4.372134146,1332.135824,3319.113449,4.135,Excellent,4
5,8,Driving-7,elastic,45,45000,4.686297894,0.007657349499,0.007558515679,4.338588,4199382.4,613,575,1500,2948,2948,2948,4396,4396,4396,4396,5844,4.100057065,1461.28003,3316.327909,4.188666667,Excellent,4
5,8,Driving-7,elastic,50,50000,4.998034954,0.008753126014,0.009272792208,4.998035,4522329.6,572,540,1500,2948,2948,2948,4396,5844,5844,7292,8740,4.198388755,1195.522956,2810.937974,4.250333333,Excellent,4
5,8,Driving-7,elastic,55,55000,4.916501045,0.01073471844,0.01143372326,4.916501,4236744,459,431,1500,2948,4396,5844,5844,5844,7292,7292,8740,4.317950593,1193.573061,2228.176555,4.281333333,Excellent,4
5,8,Driving-7,elastic,60,60000,4.45058012,0.01960607982,0.01890603665,3.611053,944259.2,228,192,52,1500,1500,2948,2948,2948,2948,2948,5844,3.74235235,827.9311807,1076.162112,4.299,Excellent,4
5,8,Driving-7,elastic,65,65000,4.227686882,0.03108593296,0.02303091667,2.487339,437307.2,137,109,52,60,1500,1500,2948,2948,2948,2948,2948,2.682565305,404.1137702,491.8776276,4.131,Excellent,4
5,8,Driving-7,elastic,70,70000,4.625470877,0.05506512948,0.06296107143,3.52582,224145.6,85,57,52,52,52,1500,1500,2948,2948,2948,2948,1.656432846,221.9618495,254.6026005,3.752,Good,3
5,8,Driving-7,elastic,75,75000,4.935872078,0.06494568524,0.1410249143,4.935872,143564.8,77,36,52,52,52,52,60,1500,2821,2948,2948,5.737373768,184.3541391,211.0720634,3.376,Good,3
5,8,Driving-7,elastic,80,80000,4.921863079,0.08634847507,0.1822912222,4.921863,125112,58,28,52,52,52,52,56,2948,2948,2948,2948,5.239388313,143.7438097,158.319527,3.07,Good,3
5,8,Driving-7,elastic,85,85000,4.922766924,0.07573487575,0.1450641786,4.061797,107504,66,29,52,52,52,52,52,1260,1500,2948,2948,1.495750443,166.2409158,185.3805321,2.9255,Average,2
5,8,Driving-7,elastic,90,90000,4.812360048,0.05798024155,0.1163415946,4.304639,126940.8,84,38,52,52,52,52,52,1260,1500,2446,2948,1.576379742,203.8069382,235.7989925,2.729333333,Average,2
5,8,Driving-7,elastic,95,95000,4.35302496,0.06218607085,0.1124520833,4.048275,146560,71,37,52,52,52,52,1214,1500,2948,2948,2948,3.604323114,159.7791715,182.3637345,2.624,Average,2
5,8,Driving-7,elastic,100,100000,4.827192068,0.07785793658,0.1924120455,4.233065,99905.6,63,23,52,52,52,52,52,52,2446,2948,2948,1.438656475,152.8430042,170.2268688,2.5725,Average,2
5,8,Driving-7,elastic,105,105000,4.562959194,0.04609049691,0.0717339322,4.232302,239936,100,60,52,52,52,660,1500,2290,2948,2948,2948,6.898108214,250.1362593,296.2250037,2.388,Average,2
5,8,Driving-7,elastic,110,110000,4.651270151,0.02291266084,0.02887337255,4.417626,756305.6,204,154,52,52,1603,2948,2948,2948,2948,2948,2948,10.87073997,444.3084641,645.0895043,2.340333333,Average,2
5,8,Driving-7,elastic,115,115000,4.583591223,0.02882761775,0.02690253982,3.039987,618294.4,160,114,52,52,1260,2948,2948,2948,2948,2948,4396,2.897422146,439.9122152,561.1288252,2.33025,Average,2
5,8,Driving-7,elastic,120,120000,4.611715078,0.02135053277,0.02159353797,3.411779,963302.4,217,159,52,52,1603,2948,2948,2948,2948,4396,5844,3.017047629,500.6202257,727.8212445,2.373666667,Average,2
5,8,Driving-7,elastic,125,125000,4.693001032,0.01971849173,0.02557078571,4.653883,1099110.4,239,183,52,52,1603,2948,2948,2948,2948,4396,5844,6.21950927,461.6866031,739.1927591,2.428333333,Average,2
5,8,Driving-7,elastic,130,130000,4.994360924,0.02249712128,0.02972833929,4.994361,1110548.8,223,169,52,52,2446,2948,2948,2948,2948,5844,7292,3.848954826,663.6360917,902.3209036,2.483333333,Average,2
5,8,Driving-7,elastic,135,135000,4.969141006,0.02189048902,0.03048552761,4.969141,1099736,228,164,52,52,1492,2948,2948,2948,4396,4961,5844,3.834910194,604.2577176,854.7415981,2.520666667,Average,2
5,8,Driving-7,elastic,140,140000,4.219166994,0.02280630808,0.02697084252,3.425297,894094.4,186,128,52,52,60,2446,2948,2948,4396,5844,7292,2.939484842,540.7041547,705.4972389,2.484,Average,2
5,8,Driving-7,elastic,145,145000,4.704013109,0.01866671869,0.0124529697,2.465688,1458992,253,199,52,52,2948,2948,2948,4396,4396,5844,8740,3.052941223,565.5326798,876.1468909,2.502333333,Average,2
5,8,Driving-7,elastic,150,150000,4.95610404,0.01763738093,0.01783868599,3.692608,1855870.4,282,208,52,52,1500,2948,2948,4396,5844,5844,8740,2.811294723,542.2040527,930.1822145,2.532666667,Average,2
5,8,Driving-7,elastic,155,155000,4.589344978,0.009955195181,0.01151721159,4.572333,2780072,462,398,52,1500,2948,2948,2948,4396,5844,5844,7292,5.377772584,962.3959641,2013.150145,2.575,Average,2
5,8,Driving-7,elastic,160,160000,4.608067989,0.01700394092,0.01162540376,2.476211,1396731.2,272,214,52,52,2948,2948,2948,4396,4396,5844,5844,2.890450474,631.9888783,991.5199057,2.605333333,Average,2
5,8,Driving-7,elastic,165,165000,4.868083,0.01229313889,0.01364248101,4.311024,2103006.4,397,317,52,60,2948,2948,2948,2948,4396,5844,7292,3.802676768,1028.430636,1800.246575,2.6035,Average,2
5,8,Driving-7,elastic,170,170000,4.203867912,0.01469883885,0.01224660268,2.743239,1747779.2,287,225,52,52,2948,2948,2948,4396,5844,7292,8740,2.692976414,576.5906203,978.3750052,2.604333333,Average,2
5,8,Driving-7,elastic,175,175000,4.611819983,0.01233106947,0.01360986039,4.191837,2409488,375,309,52,1500,2948,2948,4396,5844,5844,5844,5844,3.921430566,1072.359354,1759.146199,2.612,Average,2
5,8,Driving-7,elastic,180,180000,4.608350039,0.02184052151,0.01644691111,2.220333,1276291.2,212,136,52,52,52,1500,2948,4396,5844,7292,8740,2.774211176,543.9852362,760.0954004,2.640666667,Average,2
5,8,Driving-7,elastic,185,185000,4.864763021,0.0143503334,0.01677586486,4.344949,2793843.2,340,260,52,52,2184,2948,5844,7292,7292,8740,10188,3.699400439,840.0306327,1404.540713,2.6615,Average,2
5,8,Driving-7,elastic,190,190000,4.444166899,0.01683396553,0.01248274747,2.471584,1937358.4,265,199,52,52,2446,3314,5844,5844,7292,7292,7292,2.588464391,535.5614779,877.3658789,2.6965,Average,2
5,8,Driving-7,elastic,195,195000,4.864677906,0.01871029964,0.01537990449,2.737623,806660.8,261,179,52,52,52,2948,2948,2948,2948,2948,2948,2.669309722,519.1671102,850.6756474,2.695333333,Average,2
5,8,Driving-7,elastic,200,200000,4.607914925,0.01919964552,0.02564129518,4.256455,1269321.6,241,167,52,52,60,2948,2948,2948,4396,5844,8740,3.171560179,623.4970951,904.0621408,2.689,Average,2
5,8,Driving-7,elastic,205,205000,4.867308855,0.02362771289,0.01734800806,2.151153,941134.4,207,125,52,52,52,612,2948,2948,2948,5844,7292,2.542225857,461.6968133,668.229855,2.685666667,Average,2
5,8,Driving-7,elastic,210,210000,4.621958971,0.02054203987,0.03015228369,4.251472,935937.6,226,142,52,52,52,1500,2948,2948,2948,2948,7292,4.389311029,503.5641289,750.5686928,2.683,Average,2
5,8,Driving-7,elastic,215,215000,4.864192009,0.03657287225,0.03780673077,1.96595,256742.4,134,53,52,52,52,52,52,60,2948,2948,2948,1.952780805,289.8968289,374.7778844,2.660333333,Average,2
5,8,Driving-7,elastic,220,220000,4.73606205,0.02505852936,0.03999727184,4.119719,478048,190,104,52,52,52,52,2184,2948,2948,2948,2948,4.317460171,457.2883863,630.4116712,2.605,Average,2
5,8,Driving-7,elastic,225,225000,4.864438057,0.02533561488,0.02288805941,2.311694,680748.8,193,102,52,52,52,52,1500,2948,2948,2948,7292,2.468856256,431.3100095,610.3569286,2.5825,Average,2
5,9,Driving-6,elastic,0,0,4.20004487,0.01584922593,0.01839236842,4.19346,1447624,266,229,52,1260,1922,2948,2948,2948,4396,5844,7292,3.232667816,571.1020813,915.2041358,2.28125,Average,2
5,9,Driving-6,elastic,5,5000,4.997248888,0.01086358454,0.01115457366,4.997249,3217236.8,461,449,2948,2948,2948,2948,2948,4396,5844,5844,7770,4.581584842,1325.005743,2367.468004,3.003666667,Good,3
5,9,Driving-6,elastic,10,10000,4.609844923,0.007113958215,0.007248183962,4.609845,4591996.8,649,637,1500,2948,2948,2948,4396,4396,5844,7292,7292,4.406808694,1547.573955,3628.400804,3.511,Good,3
5,9,Driving-6,elastic,15,15000,3.9131639,0.007748839407,0.008190280922,3.906764,4508681.6,506,478,1500,2948,4396,5844,5844,7292,7292,7292,7292,3.883405475,935.5808692,2198.857365,3.762333333,Good,3
5,9,Driving-6,elastic,20,20000,3.830439091,0.008928762449,0.00842110219,3.461073,3798003.2,430,412,1500,2948,4396,4396,5844,5844,5844,5844,8248.5,3.393774467,929.5503447,1838.318192,3.956,Good,3
5,9,Driving-6,elastic,25,25000,4.778218031,0.005995254744,0.005845949807,4.542303,6104539.2,798,778,2446,2948,2948,4396,4396,4396,5844,5844,8740,4.475135814,2206.844777,5356.837086,4.063666667,Excellent,4
5,9,Driving-6,elastic,30,30000,4.871649027,0.006326816918,0.006583309459,4.871649,5127625.6,771,741,1500,2948,2948,2948,4396,4396,4396,5844,5844,4.422765858,1892.971591,4834.704872,4.1325,Excellent,4
5,9,Driving-6,elastic,35,35000,4.675906181,0.005044127488,0.004690779623,4.235774,7106030.4,928,904,1500,2948,2948,4396,4396,4874,5844,5844,7292,4.391667632,2347.820499,6616.354232,4.189333333,Excellent,4
5,9,Driving-6,elastic,40,40000,4.793900013,0.009587800026,0.009195425,4.413804,4828993.6,501,481,1500,2948,4396,5844,5844,7292,7292,7292,8740,4.129798596,1261.516865,2496.413226,4.2305,Excellent,4
5,9,Driving-6,elastic,45,45000,4.723863125,0.01769237125,0.01023602128,2.405465,2132976,268,236,52,1500,1978,2948,2948,2948,4170,12381,14532,3.024018831,786.5003603,1133.745578,4.251,Excellent,4
5,9,Driving-6,elastic,50,50000,4.976509094,0.01758483779,0.01920304247,4.973588,1532988.8,284,260,530,1500,1500,2948,2948,2948,2948,7292,7292,2.771779677,695.8440585,1087.917899,4.25,Excellent,4
5,9,Driving-6,elastic,55,55000,4.952365875,0.02879282486,0.03301577333,4.952366,911846.4,173,151,52,1500,2948,2948,2948,2948,2948,2948,4396,12.25594433,376.5252368,520.030287,3.8745,Good,3
5,9,Driving-6,elastic,60,60000,4.975758076,0.03949014346,0.05408432609,4.975758,409731.2,127,93,52,52,1500,2948,2948,2948,2948,2948,2948,3.977464313,217.4814467,294.0990678,3.093,Good,3
5,9,Driving-6,elastic,65,65000,4.371895075,0.0514340597,0.07803865455,4.292126,246313.6,86,56,52,52,52,1603,2948,2948,2948,2948,2948,1.426061069,182.617099,216.4909289,2.543,Average,2
5,9,Driving-6,elastic,70,70000,4.099522114,0.05615783718,0.08236623256,3.541748,189448,74,44,52,52,52,60,1987.5,2948,2948,2948,2948,3.488412582,133.2785187,158.2597544,2.308,Average,2
5,9,Driving-6,elastic,75,75000,4.355986118,0.04786797932,0.08290233333,3.979312,192451.2,92,49,52,52,52,52,742.5,1603,2948,2948,2948,1.540118212,201.0275185,239.9672524,2.2315,Average,2
5,9,Driving-6,elastic,80,80000,4.352104902,0.05002419428,0.07942693617,3.733066,193212.8,88,48,52,52,52,52,1260,2446,2948,2948,2948,1.687987148,188.7556605,224.2815335,2.153333333,Average,2
5,9,Driving-6,elastic,85,85000,4.192015886,0.05374379341,0.08406241463,3.446559,177080,79,42,52,52,52,52,1260,2446,2948,2948,2948,6.560402503,144.5224702,173.1855216,2.11125,Average,2
5,9,Driving-6,elastic,90,90000,4.253744125,0.04674444094,0.08665373171,3.552803,176628.8,92,42,52,52,52,52,52,1603,2948,2948,2948,7.931594159,172.5722809,211.8976365,2.082333333,Average,2
5,9,Driving-6,elastic,95,95000,4.826400042,0.05678117696,0.1348152286,4.718533,147113.6,86,36,52,52,52,52,52,1260,2446,2948,2948,7.602755541,186.2555082,220.1845993,2.053,Average,2
5,9,Driving-6,elastic,100,100000,4.97505188,0.04783703731,0.07537957576,4.975052,304212.8,105,67,52,52,52,1603,2948,2948,2948,2948,2948,3.446865266,251.7935367,302.8616731,2.025,Average,2
5,9,Driving-6,elastic,105,105000,4.96297884,0.03161133019,0.04726646667,4.962979,449062.4,158,106,52,52,52,1500,2948,2948,2948,2948,2948,6.756151161,287.2492208,406.9326478,2.002,Average,2
5,9,Driving-6,elastic,110,110000,4.881206036,0.03904964828,0.06339228571,4.881206,332433.6,126,78,52,52,52,1260,2024.5,2948,2948,2948,2948,13.76559603,291.260251,366.0549499,1.986,Poor,1
5,9,Driving-6,elastic,115,115000,4.854398966,0.04045332472,0.06642953425,4.849356,373195.2,121,74,52,52,52,612,2446,2948,2948,2948,4396,5.485390501,351.1646109,419.106318,1.979333333,Poor,1
5,9,Driving-6,elastic,120,120000,4.523900986,0.04075586474,0.05424488235,2.766489,327491.2,112,52,52,52,52,52,52,1260,2446,2948,4396,1.803884127,255.2950788,313.7922399,1.971,Poor,1
5,9,Driving-6,elastic,125,125000,4.658365965,0.02098363047,0.02887173913,4.64835,1188825.6,223,162,52,52,1260,2446,2948,4396,4396,5844,5844,3.596721084,522.6408389,762.7407829,1.999333333,Poor,1
5,9,Driving-6,elastic,130,130000,4.474031925,0.01263850826,0.01256039,3.768117,2154563.2,355,301,52,1500,2948,2948,4396,4396,4396,5844,7292,3.684859864,879.5264916,1495.548385,2.065666667,Average,2
5,9,Driving-6,elastic,135,135000,4.811587095,0.01802092545,0.024057935,4.811587,1137438.4,268,201,52,52,1500,2948,2948,2948,4396,4396,4396,3.053895251,602.170666,951.2646491,2.131666667,Average,2
5,9,Driving-6,elastic,140,140000,4.595376968,0.01653013298,0.01775070561,3.798651,1751278.4,279,215,52,52,1500,2948,4396,4396,5844,5844,7292,3.426470937,729.2711716,1107.008677,2.152666667,Average,2
5,9,Driving-6,elastic,145,145000,4.499199152,0.01595460692,0.01759156034,4.081242,1701579.2,283,233,52,1500,2948,2948,4396,4396,5844,5844,5844,3.329157478,672.2871084,1061.781197,2.1795,Average,2
5,9,Driving-6,elastic,150,150000,4.96259594,0.01386199983,0.01563926786,4.378995,2037835.2,359,281,52,52,1922,2948,2948,2948,4396,4396,8740,3.42766471,862.8473036,1493.249064,2.215,Average,2
5,9,Driving-6,elastic,155,155000,4.983524799,0.0144869907,0.01564716071,4.381205,1544601.6,345,281,52,1380,2948,2948,2948,2948,2948,4396,4396,3.781175779,839.8668289,1421.437854,2.2285,Average,2
5,9,Driving-6,elastic,160,160000,4.495306015,0.01963015727,0.01628486127,2.817281,921515.2,230,174,52,52,2697,2948,2948,2948,2948,2948,4396,2.515816507,482.4057441,738.6419361,2.232333333,Average,2
5,9,Driving-6,elastic,165,165000,4.868072987,0.01386915381,0.01530505948,4.117061,1973160,352,270,52,52,2446,2948,2948,4396,4396,5844,7292,3.622343586,890.145164,1495.493737,2.246,Average,2
5,9,Driving-6,elastic,170,170000,4.159386873,0.01249065127,0.01062448699,2.857987,1751689.6,334,270,52,612,2948,2948,2948,4396,4396,4396,5844,2.89092711,607.752176,1154.464901,2.2625,Average,2
5,9,Driving-6,elastic,175,175000,4.882859945,0.01242458001,0.01373837771,4.437496,2331598.4,394,324,52,1500,2948,2948,2948,2948,4396,5844,8740,3.902087201,1037.695599,1797.598706,2.289,Average,2
5,9,Driving-6,elastic,180,180000,4.822563887,0.01602180693,0.01937016742,4.280807,1597064,302,222,52,52,1500,2948,2948,2948,4396,4396,7292,4.224797448,506.1232901,952.6080105,2.3,Average,2
5,9,Driving-6,elastic,185,185000,4.91168189,0.01395364173,0.01459619565,4.02855,2072726.4,353,277,52,52,1500,2948,2948,4170,4396,4396,7292,3.739088757,923.622709,1532.147302,2.320666667,Average,2
5,9,Driving-6,elastic,190,190000,4.805714846,0.009592245201,0.00974487935,4.200043,3400822.4,502,432,52,1603,2948,2948,4396,4396,4396,4396,10188,3.630418584,1103.48552,2344.954366,2.3745,Average,2
5,9,Driving-6,elastic,195,195000,4.611757994,0.01517025656,0.01072358065,2.327017,1631243.2,305,218,52,52,474,1500,2948,4396,4396,4396,5844,2.507874188,528.0855443,983.365297,2.389333333,Average,2
5,9,Driving-6,elastic,200,200000,4.996119976,0.0101341176,0.01203749517,4.983523,3628569.6,494,415,52,1500,2948,2948,4396,5844,5844,5844,8740,5.440012475,1436.552774,2635.018114,2.413,Average,2
5,9,Driving-6,elastic,205,205000,4.917823076,0.01373693597,0.01605061071,4.494171,2274056,359,281,52,52,2446,2948,4396,4396,4396,5844,8740,3.968326769,1119.701646,1747.53468,2.4835,Average,2
5,9,Driving-6,elastic,210,210000,4.351874113,0.01642216646,0.01753523729,3.103737,844222.4,266,178,52,52,52,2948,2948,2948,2948,2948,2948,3.301283731,618.5625613,962.1862586,2.4835,Average,2
5,9,Driving-6,elastic,215,215000,4.610457897,0.03316876185,0.03368772881,1.987576,319880,140,60,52,52,52,52,52,1380,2948,2948,4396,2.005521389,306.5472667,399.3919107,2.404666667,Average,2
5,9,Driving-6,elastic,220,220000,4.732319117,0.0309301903,0.05770841791,3.866464,327145.6,154,68,52,52,52,52,52,1500,2948,2948,2948,2.353208381,361.5486069,474.2132492,2.352,Average,2
5,9,Driving-6,elastic,225,225000,4.979953051,0.02553822077,0.04312475258,4.183101,531628.8,196,98,52,52,52,52,595.5,2948,2948,2948,4396,2.707672397,479.2852917,663.6426061,2.332666667,Average,2
5,10,Driving-7,elastic,0,0,3.807266951,0.00971241569,0.01058814763,3.801145,1980643.2,393,360,314,2948,2948,2948,2948,2948,2948,2948,5844,3.289003926,835.2894356,1593.305984,2.3882,Average,2
5,10,Driving-7,elastic,5,5000,4.476697206,0.0110263478,0.01160573698,4.456603,4451814.4,407,385,1500,2948,2948,4396,5844,7292,8740,8740,13084,4.77114066,837.142884,1650.985588,3.27725,Good,3
5,10,Driving-7,elastic,10,10000,4.644414902,0.008490703659,0.008681149533,4.644415,5842830.4,548,536,1603,2948,5844,7292,7292,7292,8740,8740,8740,4.931712109,1319.907602,2800.069703,3.698333333,Good,3
5,10,Driving-7,elastic,15,15000,4.450232029,0.007594252609,0.008014077758,4.431785,5252041.6,587,554,1500,2948,4396,4396,5844,7292,7292,8740,8740,5.673546307,1343.696997,3044.417822,3.91975,Good,3
5,10,Driving-7,elastic,20,20000,3.581050158,0.004973680774,0.005067081429,3.546957,6628024,721,701,1500,2948,4396,4396,4396,5844,5844,5844,8740,4.944457168,1276.708207,3852.468407,4.063666667,Excellent,4
5,10,Driving-7,elastic,25,25000,4.921120167,0.005943381844,0.006053222772,4.891004,7119912,829,809,1500,4396,4396,4396,5844,5844,7292,7292,8740,7.631106918,2344.946522,5745.52598,4.145,Excellent,4
5,10,Driving-7,elastic,30,30000,4.99753809,0.006808635,0.007159796562,4.997538,5390310.4,735,699,1500,2948,4396,4396,5844,5844,5844,5844,5844,4.489570375,1828.174505,4500.015164,4.207666667,Excellent,4
5,10,Driving-7,elastic,35,35000,4.514647007,0.006035624341,0.006218522039,4.514647,6142603.2,749,727,1500,2948,2948,4396,4396,5844,7292,7292,8740,4.01799971,1429.535244,4209.027806,4.251,Excellent,4
5,10,Driving-7,elastic,40,40000,4.566534042,0.009634038064,0.01020413199,4.561247,5669278.4,475,448,1603,2948,5844,7292,7292,7292,7292,8740,13084,3.57957373,846.3968856,1958.967978,4.288,Excellent,4
5,10,Driving-7,elastic,45,45000,4.992680073,0.007887330289,0.008391058824,4.99268,4295550.4,634,596,1500,2948,2948,4396,4396,4396,4396,5844,5844,4.790677854,1568.552259,3553.174468,4.312666667,Excellent,4
5,10,Driving-7,elastic,50,50000,4.521803856,0.01291943959,0.01273406289,4.049432,3672496,351,319,1136,2948,4170,5844,5844,7292,7292,8740,13084,3.482400899,770.2387815,1373.297278,4.34225,Excellent,4
5,10,Driving-7,elastic,55,55000,4.819136143,0.008858706145,0.009010136986,4.60418,3898560,545,512,1500,2948,2948,2948,4396,4396,4396,5844,7292,6.108387064,1192.319858,2657.480441,4.380333333,Excellent,4
5,10,Driving-7,elastic,60,60000,4.570220947,0.01820805158,0.01663485714,3.609764,1104608,252,218,52,1500,1500,2948,2948,2948,2948,2948,5844,4.006493571,966.4016867,1270.487895,4.404,Excellent,4
5,10,Driving-7,elastic,65,65000,4.613287926,0.03015220866,0.02153868376,2.520026,530083.2,154,118,52,52,1500,1500,2948,2948,2948,2948,2948,2.798004104,496.1287458,607.4477702,4.278,Excellent,4
5,10,Driving-7,elastic,70,70000,4.648732185,0.0484242936,0.06563931818,4.332195,275044.8,97,67,52,52,60,1500,2446,2948,2948,2948,2948,14.66134788,239.58582,282.9928126,4.02,Excellent,4
5,10,Driving-7,elastic,75,75000,4.947363138,0.0596067848,0.122392975,4.895719,179041.6,84,41,52,52,52,52,69,2446,2948,2948,2948,8.390663755,206.7072453,238.7705473,3.591,Good,3
5,10,Driving-7,elastic,80,80000,4.354578018,0.09265059613,0.1189054615,1.545771,58665.6,48,14,52,52,52,52,52,52,60,2948,2948,1.006622034,118.9008477,128.5218429,3.269,Good,3
5,10,Driving-7,elastic,85,85000,4.239971876,0.06523033656,0.1038161667,3.114485,119806.4,66,31,52,52,52,52,60,1500,2446,2948,2948,0.9107233767,107.5401874,127.2648726,3.001,Good,3
5,10,Driving-7,elastic,90,90000,4.783151865,0.05762833572,0.1422873871,4.410909,134056,84,32,52,52,52,52,52,60,1603,2948,2948,5.885437526,191.7515657,223.9288896,2.803333333,Average,2
5,10,Driving-7,elastic,95,95000,4.648778915,0.05469151665,0.07555468085,3.55107,192728,86,48,52,52,52,52,1500,1603,2948,2948,2948,1.601486859,210.7227743,244.3157105,2.688,Average,2
5,10,Driving-7,elastic,100,100000,4.789895058,0.06302493497,0.119747375,4.789895,170904,77,41,52,52,52,52,1500,2446,2948,2948,2948,3.780547904,164.696594,191.5848936,2.6415,Average,2
5,10,Driving-7,elastic,105,105000,4.696731091,0.03378943231,0.04323046316,4.106894,392971.2,140,96,52,52,52,1500,2024.5,2948,2948,2948,2948,6.948592589,313.6029644,406.4660895,2.5865,Average,2
5,10,Driving-7,elastic,110,110000,4.755674124,0.02990990015,0.03901892308,4.057968,472465.6,160,105,52,52,52,1500,2446,2948,2948,2948,2948,2.238556535,344.8101957,466.9722082,2.51425,Average,2
5,10,Driving-7,elastic,115,115000,4.504040003,0.02321670105,0.02030101325,3.065453,879737.6,195,152,52,52,1500,2948,2948,2948,2948,2948,5844,2.819368606,445.6877029,628.4485025,2.524,Average,2
5,10,Driving-7,elastic,120,120000,4.869931936,0.01917296038,0.01960678351,3.803716,1088638.4,255,195,52,52,2446,2948,2948,2948,2948,3866.5,4396,6.164951258,519.0698111,835.2842737,2.596333333,Average,2
5,10,Driving-7,elastic,125,125000,4.812880993,0.01956455688,0.02566698387,4.774059,1030416,247,187,52,52,1500,2948,2948,2948,2948,2948,4601,5.362677799,592.9316189,888.4108288,2.647666667,Average,2
5,10,Driving-7,elastic,130,130000,4.996566057,0.0213528464,0.0277587,4.996566,1160972.8,235,181,52,52,2446,2948,2948,2948,2948,4638,5844,3.801946484,646.4900935,912.6468577,2.704666667,Average,2
5,10,Driving-7,elastic,135,135000,4.771799088,0.0249832413,0.03768292,4.710365,767800,192,126,52,52,52,1603,2948,2948,2948,4396,5844,3.581767748,506.3253684,682.7264419,2.699333333,Average,2
5,10,Driving-7,elastic,140,140000,4.801459074,0.01928296817,0.01990012973,3.681524,1542212.8,250,186,52,52,1500,2948,2948,4396,5844,7292,8740,3.387899907,692.5863431,994.4206565,2.673,Average,2
5,10,Driving-7,elastic,145,145000,4.675422907,0.01425433813,0.009765908088,2.656327,1755497.6,329,273,52,1500,2948,2948,4396,4396,4396,4396,5844,3.629983644,879.2670791,1406.764389,2.712,Average,2
5,10,Driving-7,elastic,150,150000,4.739530087,0.01476489124,0.01582988755,3.941642,1689416,322,250,52,52,2446,2948,2948,4396,4396,4396,5844,3.454942258,782.6953092,1288.468561,2.722,Average,2
5,10,Driving-7,elastic,155,155000,4.860210896,0.01675934792,0.0185599726,4.064634,1640745.6,291,220,52,52,1500,2948,2948,4396,4396,5844,7292,3.585889252,791.9023256,1203.033607,2.754,Average,2
5,10,Driving-7,elastic,160,160000,4.86303401,0.01694436937,0.01746389823,3.946841,1988780.8,288,227,52,52,1603,2948,4396,5844,5844,5844,7292,3.430021461,757.1322081,1159.97518,2.787,Average,2
5,10,Driving-7,elastic,165,165000,4.608362913,0.009701816659,0.010759733,4.271614,4711688,476,398,52,1500,2948,2948,4396,5844,7292,10188,16458,4.036884658,1207.347257,2321.023808,2.832,Average,2
5,10,Driving-7,elastic,170,170000,4.612063885,0.0125327823,0.01036529866,3.088859,2672908.8,369,299,52,1500,2948,4396,5844,5844,5844,5844,8740,3.525371271,931.7891829,1597.751714,2.8785,Average,2
5,10,Driving-7,elastic,175,175000,4.73489213,0.01583575963,0.01072133047,2.49807,2346606.4,300,234,52,52,2948,4396,5844,5844,7292,8740,8740,2.737255941,604.8484426,1044.31029,2.961333333,Average,2
5,10,Driving-7,elastic,180,180000,4.728971958,0.01084626596,0.01323997472,4.713431,3193940.8,437,357,52,1500,2948,2948,4396,4396,5844,8740,8740,4.78287167,952.973645,1891.795854,2.988,Average,2
5,10,Driving-7,elastic,185,185000,4.951458931,0.01138266421,0.01261085955,4.489466,2953091.2,436,357,52,1500,2948,4396,4396,4396,4396,7292,8740,4.45901273,1240.849676,2172.414078,3.041,Good,3
5,10,Driving-7,elastic,190,190000,4.352027178,0.01783617696,0.01374709659,2.419489,1751201.6,245,177,52,52,1500,2948,5844,5844,7292,7292,7292,2.403997231,465.2425287,757.0503745,3.0975,Good,3
5,10,Driving-7,elastic,195,195000,4.860235929,0.0168758192,0.0151261256,3.131108,956168,289,208,52,52,1500,2948,2948,2948,2948,2948,2948,2.680114914,523.5188363,931.5640276,3.096333333,Good,3
5,10,Driving-7,elastic,200,200000,4.771809101,0.01686151626,0.01989106404,4.037886,1537353.6,284,204,52,52,1260,2948,2948,2948,4396,5844,7292,3.224399573,687.7476161,1079.900381,3.069,Good,3
5,10,Driving-7,elastic,205,205000,4.941807985,0.02422454895,0.03332321667,3.998786,802283.2,205,121,52,52,52,60,2948,2948,2948,3401.5,7292,3.026948193,534.0529613,735.7724624,3.03,Good,3
5,10,Driving-7,elastic,210,210000,4.778506994,0.02778201741,0.04338117391,3.991068,580929.6,173,93,52,52,52,52,2348,2948,2948,2948,5844,3.300997508,415.3362498,558.260041,2.999333333,Average,2
5,10,Driving-7,elastic,215,215000,4.867872,0.02914893413,0.05166753333,3.875065,353484.8,168,76,52,52,52,52,52,1603,2948,2948,2948,2.665456406,427.6920848,562.0251739,2.9285,Average,2
5,10,Driving-7,elastic,220,220000,4.607942104,0.02464140163,0.02200609615,2.288634,518072,188,105,52,52,52,52,2948,2948,2948,2948,2948,2.671022773,479.1379375,648.2565693,2.87,Average,2
5,11,Driving-7,elastic,0,0,4.065108061,0.008330139469,0.008958803532,4.058338,2705892.8,489,454,1260,2948,2948,2948,2948,2948,2948,5844,5844,3.840414992,1178.197209,2354.709795,2.33525,Average,2
5,11,Driving-7,elastic,5,5000,4.376809835,0.007456234813,0.00768247619,4.355964,4734240,588,568,1500,2948,3379,4396,4396,5844,5844,7292,10188,5.045014093,1298.215766,3005.236254,3.3882,Good,3
5,11,Driving-7,elastic,10,10000,4.770930052,0.007695048471,0.007846924342,4.77093,5851220.8,621,609,1500,2948,4396,4396,4396,7292,8740,8740,8740,4.363080703,1690.893795,3592.884958,3.809,Good,3
5,11,Driving-7,elastic,15,15000,4.447387934,0.006092312238,0.006175984241,4.310837,5264022.4,731,699,1500,2948,4396,4396,4396,4396,5844,5844,5844,6.140564662,1760.835255,4404.233298,4.0115,Excellent,4
5,11,Driving-7,elastic,20,20000,3.591961861,0.004396526145,0.004359917189,3.474854,6636094.4,818,798,1500,4170,4396,4396,4396,5844,5844,5844,5844,4.881746607,1458.392024,4777.296887,4.144333333,Excellent,4
5,11,Driving-7,elastic,25,25000,4.985450983,0.005176999982,0.005257812301,4.958117,7206852.8,964,944,1500,4396,4396,4396,4396,5844,5844,5844,5844,7.43148131,2665.397103,7271.035818,4.22,Excellent,4
5,11,Driving-7,elastic,30,30000,4.998239994,0.006800326523,0.007140342857,4.99824,5073737.6,736,701,1500,2948,2948,2948,4396,4396,4396,7292,8740,4.29557943,2061.453229,4738.303324,4.2695,Excellent,4
5,11,Driving-7,elastic,35,35000,4.480463982,0.007044754688,0.007321019608,4.480464,6374232,637,613,1500,4396,5844,5844,7292,7292,7292,8740,8740,4.275353689,1396.126408,3401.488021,4.312666667,Excellent,4
5,11,Driving-7,elastic,40,40000,4.372019053,0.006149112591,0.005727572052,3.934842,5666838.4,712,688,1500,2948,2948,2948,4396,4396,5844,7292,7292,5.293803953,1178.102942,3690.501826,4.355666667,Excellent,4
5,11,Driving-7,elastic,45,45000,4.977891207,0.00843710374,0.008473392727,4.660366,4230726.4,591,551,1500,2948,2948,4396,4396,4396,5844,5844,7292,4.267134793,1492.703043,3215.326391,4.389333333,Excellent,4
5,11,Driving-7,elastic,50,50000,4.653058052,0.01151747043,0.01257583243,4.653058,3952136,405,371,1500,2948,5844,5844,7292,7292,7292,8740,8740,4.128267924,999.6885228,1803.769745,4.412666667,Excellent,4
5,11,Driving-7,elastic,55,55000,4.246027946,0.009738596208,0.008678374384,3.52342,2930977.6,437,407,1500,2948,4396,4396,4396,4396,4396,4396,7292,4.532665474,752.6755075,1693.519449,4.4415,Excellent,4
5,11,Driving-7,elastic,60,60000,4.431456804,0.01322822927,0.01452013131,4.312479,2070193.6,336,298,52,1978,2948,2948,2948,2948,4396,7292,7292,3.586099818,762.2896047,1314.116967,4.466,Excellent,4
5,11,Driving-7,elastic,65,65000,4.671848059,0.03014095522,0.02160677311,2.571206,530249.6,156,120,52,52,1500,1978,2948,2948,2948,2948,2948,3.005890871,487.2344525,601.7177362,4.335,Excellent,4
5,11,Driving-7,elastic,70,70000,4.603277922,0.04697222369,0.06198245714,4.338772,279844.8,99,71,52,52,1223,1500,1603,2948,2948,2948,2948,18.00392455,245.8893714,291.2174964,3.931,Good,3
5,11,Driving-7,elastic,75,75000,4.780220032,0.05690738133,0.1213492051,4.732619,174491.2,85,40,52,52,52,52,60,2024.5,2948,2948,2948,3.824782976,198.6106195,231.5182821,3.518,Good,3
5,11,Driving-7,elastic,80,80000,3.584145069,0.08335221091,0.119686,1.555918,58332.8,44,14,52,52,52,52,52,52,101,2948,2948,0.8361377339,97.11156201,105.1704795,3.281,Good,3
5,11,Driving-7,elastic,85,85000,4.522091866,0.0706576854,0.102695,3.08085,119736,65,31,52,52,52,52,60,1500,2446,2948,2948,1.010110202,119.813447,138.7754155,2.97,Average,2
5,11,Driving-7,elastic,90,90000,4.787222147,0.05699073985,0.1427033226,4.423803,134126.4,85,32,52,52,52,52,52,56,1603,2948,2948,1.57841776,190.3464739,223.3042222,2.77,Average,2
5,11,Driving-7,elastic,95,95000,4.699227095,0.05528502464,0.07957291837,3.899073,201995.2,86,50,52,52,52,60,1500,2446,2948,2948,2948,1.547185366,202.2693512,235.946758,2.693,Average,2
5,11,Driving-7,elastic,100,100000,4.757333994,0.06700470414,0.1333442,4.667047,161220.8,72,36,52,52,52,52,373,2948,2948,2948,2948,1.336744018,154.615242,177.9200502,2.646,Average,2
5,11,Driving-7,elastic,105,105000,4.816687107,0.03254518316,0.04099784848,4.058787,393720,149,100,52,52,52,1500,1500,2948,2948,2948,2948,2.569014971,327.1243086,432.6395585,2.5905,Average,2
5,11,Driving-7,elastic,110,110000,4.756424904,0.03149950267,0.04234293069,4.276636,471800,152,102,52,52,52,1603,2948,2948,2948,2948,2948,2.09935402,309.6849594,419.8383874,2.528333333,Average,2
5,11,Driving-7,elastic,115,115000,4.900273085,0.0350019506,0.03079348387,2.863794,634609.6,141,94,52,52,52,1603,2948,2948,2948,2948,5844,2.454710722,335.6014781,429.5509821,2.4965,Average,2
5,11,Driving-7,elastic,120,120000,4.975815058,0.01764473425,0.02325121963,4.975761,1214832,283,215,52,52,2948,2948,2948,2948,2948,2948,4396,3.375639624,681.3345172,1070.731324,2.557666667,Average,2
5,11,Driving-7,elastic,125,125000,4.768801212,0.02360792679,0.03179200667,4.768801,943548.8,203,151,52,52,1500,2948,2948,2948,2948,4396,5844,3.939233954,637.4410443,834.0903982,2.611666667,Average,2
5,11,Driving-7,elastic,130,130000,4.868775845,0.02071819508,0.02056362431,3.722016,1171318.4,236,182,52,52,2948,2948,2948,2948,2948,4396,7292,3.434114198,678.2028978,946.3716487,2.684333333,Average,2
5,11,Driving-7,elastic,135,135000,4.608053923,0.02375285527,0.02573710484,3.191401,619628.8,195,125,52,52,52,1500,2948,2948,2948,2948,4396,3.299152803,538.9516549,720.7794154,2.680333333,Average,2
5,11,Driving-7,elastic,140,140000,4.752044916,0.01908451774,0.02009804301,3.738236,1542212.8,250,187,52,52,1500,2948,2948,3672,5844,7292,8740,3.234950788,651.6867735,953.9299901,2.661333333,Average,2
5,11,Driving-7,elastic,145,145000,4.736143112,0.01697542334,0.01164459556,2.620034,1751420.8,280,226,52,1380,2948,2948,4396,4396,5844,5844,7292,3.293646107,682.1793654,1063.177842,2.699333333,Average,2
5,11,Driving-7,elastic,150,150000,4.867847919,0.01322784761,0.01405988699,4.105487,1986700.8,369,293,52,60,2446,2948,2948,4396,4396,4396,7292,3.620653883,892.1602829,1558.518912,2.72,Average,2
5,11,Driving-7,elastic,155,155000,4.864125967,0.01600041437,0.01622022881,3.827974,1950179.2,305,237,52,52,1500,2948,2948,4396,5844,6899,8740,3.608517414,848.3275781,1300.404427,2.749,Average,2
5,11,Driving-7,elastic,160,160000,4.096496105,0.01304616594,0.01022258915,2.637428,2035801.6,315,259,52,1500,2948,2948,4396,5678,5844,5844,7292,3.013816326,737.9473028,1221.978386,2.794,Average,2
5,11,Driving-7,elastic,165,165000,4.867939949,0.009894186888,0.01040748551,4.308699,4564883.2,493,415,52,1500,2948,2948,5844,5844,5844,8740,16458,4.060346891,1231.810504,2427.352473,2.8395,Average,2
5,11,Driving-7,elastic,170,170000,4.764726162,0.01764713393,0.0180821791,3.634518,1817166.4,271,202,52,52,1500,2948,4396,5844,7292,7292,7292,3.242161134,661.4842329,1018.019415,2.884,Average,2
5,11,Driving-7,elastic,175,175000,4.44993782,0.01508453498,0.01788119742,4.166319,2092617.6,296,234,52,52,2948,4396,5844,5844,7292,7292,7292,3.057875269,631.6812229,1059.016649,2.903,Average,2
5,11,Driving-7,elastic,180,180000,4.608387947,0.01786196879,0.02331337647,3.963274,1518771.2,259,171,52,52,52,1603,2948,4396,5844,7292,7959,3.246213539,659.051146,983.9906573,2.893666667,Average,2
5,11,Driving-7,elastic,185,185000,4.867615938,0.01113870924,0.007081857534,2.584878,2308296,438,366,52,1500,2948,4396,4396,4396,4396,4396,4396,3.621535258,1149.585429,2090.750112,2.935,Average,2
5,11,Driving-7,elastic,190,190000,4.794856071,0.01625374939,0.01958628378,4.348155,1513699.2,296,223,52,52,1603,2948,2948,2948,4396,4396,7292,3.347715916,711.8185799,1138.350616,2.947666667,Average,2
5,11,Driving-7,elastic,195,195000,4.926062107,0.02018877913,0.02797155844,4.30762,871772.8,245,155,52,52,52,2024.5,2948,2948,2948,2948,4396,3.384482447,577.5148656,868.2081836,2.9295,Average,2
5,11,Driving-7,elastic,200,200000,4.607882977,0.02363016911,0.018759776,2.344972,897782.4,196,126,52,52,52,1603,2948,2948,4396,5844,5844,2.337632891,411.656357,596.6900078,2.874666667,Average,2
5,11,Driving-7,elastic,205,205000,4.608025789,0.01977693472,0.02746440397,4.147125,959824,234,152,52,52,52,1500,2948,2948,2948,4396,5844,2.883170253,517.3954341,782.5014959,2.84,Average,2
5,11,Driving-7,elastic,210,210000,4.480481863,0.0269908546,0.02756097436,2.149756,425302.4,167,79,52,52,52,52,52,2948,2948,2948,2948,2.351199625,325.9807396,459.6772967,2.814666667,Average,2
5,11,Driving-7,elastic,215,215000,4.863687992,0.03117748713,0.0550381,3.852667,327395.2,157,71,52,52,52,52,52,2057,2948,2948,2948,2.328689474,356.110883,473.4499705,2.7565,Average,2
5,11,Driving-7,elastic,220,220000,4.612031937,0.02591029178,0.02474396809,2.325933,517323.2,179,95,52,52,52,52,1603,2948,2948,2948,2948,2.334719016,390.2539313,543.8814433,2.721,Average,2